,Food ,Mines,Oil  ,Clths,Durbl,Chems,Cnsum,Cnstr,Steel,FabPr,Machn,Cars ,Trans,Utils,Rtail,Finan,Other
196501,5.44,6.91,1.34,8.14,8.26,5.65,6.06,5.38,4.91,4.84,7.54,2.89,4.07,3.96,2.91,2.72,1.49
196502,1.36,3.21,-3.19,4.26,3.39,0.68,1.62,3.88,2.98,4.7,3.76,-1.78,3.08,0.43,1.3,1.25,0.23
196503,-1.33,-0.46,-3.03,0.9,-1.02,-3.14,-1.48,-0.06,0.03,-1.13,-1.27,1.68,0.07,-0.52,-0.97,-0.33,-0.61
196504,3.04,2.35,0.82,6.91,7.15,2.13,3.19,1.77,5.21,6.13,5.43,7.91,2.73,0.65,6.96,2.56,2.45
196505,-0.86,-2.22,1.05,-0.11,0.34,0.62,-1.63,-1.21,-0.74,-2.27,-0.79,-4.8,-0.48,-0.97,0.26,-2.35,1.29
196506,-4.35,-8.89,-2.28,-8.51,-5.45,-5.79,-5.13,-6.99,-6.86,-5.58,-6.22,-6.88,-7.3,-3.66,-6.07,-4.91,-4.64
196507,1.07,6.19,1.72,2.79,5.79,0,2.61,0.83,3.11,7.33,3.27,1.92,6.05,1.06,-1.74,1.13,0.26
196508,1.97,3.35,1.97,6.49,8.16,1.55,5.57,2.57,2.74,6.97,5.38,2.5,5.46,0.92,2.12,4.54,2.09
196509,0.18,0.5,3.96,3.65,7.94,4.08,0.57,1.8,2.08,2.72,5.15,5.45,5.22,1.39,-1.08,-0.1,3.27
196510,1.14,7.3,2.12,5.09,5.36,3.02,3.43,3.23,5.27,5.99,5.26,7.41,6.7,1.05,0.05,1.15,0.31
196511,0.3,1.49,1.13,5.17,1.8,-2.02,1.61,0.99,-4.37,2.29,3.2,-5.51,9.07,-1,1.17,1.04,-0.62
196512,1.16,6.56,0.17,1.71,5.21,2.42,2.63,1.68,8.1,1.41,-0.53,0.32,1.07,-0.31,1.18,1.96,0.61
196601,0.29,9.3,0.86,6.58,2.96,-0.94,2.65,4.44,4.35,2.5,1.46,0.29,7.46,-3.02,-5.17,0.56,1.16
196602,-1.06,7.12,-3.6,1.57,0.59,-1.89,-2.14,-1.07,-1.9,2.12,3.48,-1.75,2.01,-4.17,-2.16,-2.09,0.16
196603,-2.53,-3.28,-1.61,-4.12,2.93,-4.6,-1.04,-3.16,-2.3,-5.25,-0.61,-5.32,-1.87,-0.14,-2.13,-4.07,-3.82
196604,-0.49,2.62,2.89,1.71,6.67,0.39,-0.77,-0.45,1.73,4.37,5.03,-2.56,4.55,1.19,2.59,1.3,3.98
196605,-3.95,-6.93,-3.33,-8.28,-8.04,-4.57,-3.79,-6,-7.91,-6.13,-5.67,-7.12,-9.21,-2.73,-2.37,-3.9,-4.88
196606,-2.42,-2.05,-2.19,-2.13,0.07,-3.99,-0.21,-1.87,-0.89,0.21,-0.82,-2.75,2.51,-1.78,-2.63,-2.09,0.56
196607,-0.76,0.4,0.65,-3.75,-3.48,-1.14,-0.39,-1.32,-4.08,-0.35,-2.48,-0.08,-3.92,-0.18,-1.83,-2.05,-0.67
196608,-6.16,-9.25,-6.33,-9.7,-9.51,-9.06,-5.92,-9.92,-7.49,-9.27,-6.37,-7.55,-11.58,-8.59,-6.01,-8.78,-6.12
196609,-1.26,-1.85,3.88,-4.6,-5.07,-7.52,-0.39,-2.07,-2.29,-0.75,-3.12,0.84,-2.71,4.36,-2,-0.07,-0.16
196610,7.83,-1.6,7.82,-4.55,2.51,1.91,4.76,1.37,6.77,0.76,0.95,-0.97,-0.7,9.94,-1.59,10.32,6.22
196611,2.79,9.37,-1.26,0.63,6.92,-1.83,5.18,3.72,-0.26,-0.94,8.86,-6.18,11.67,-1.36,0.21,3.03,0.02
196612,-0.2,2.83,-0.41,0.88,-1.66,2.22,-1.34,2.95,3.26,5.38,0.18,-1.08,1.33,2.1,-4.5,3.45,1.29
196701,6.7,12.03,3.2,12.18,7.91,11.47,6.97,15.41,15.43,6.98,10.73,15.36,11.91,2.84,11.43,9.02,8.35
196702,1.82,-0.87,-0.26,3.57,4.09,-0.52,0.91,1.52,-3.4,1.67,4.45,-1.12,0,-1.72,2.61,0.18,2.48
196703,4,5.17,3.89,2.99,2.37,3.86,7.95,8.58,5.16,12.93,7.33,6.47,4.88,1.53,2.12,1.29,3.42
196704,4.34,5.73,1.98,5.04,5.6,6.05,4.01,3.2,3.17,7.74,6.87,10.89,2.2,1.88,9.77,0.47,2
196705,-1.96,1.03,-2.43,-1.18,-6.75,-5.85,-4.66,-4.23,-1.92,-1.75,-3.57,-6.71,-1.01,-4.11,-5.16,-2.38,-4.79
196706,3.95,5.43,3.17,1.75,2.29,-0.36,5.22,4.36,1.47,4.65,6.08,0.38,4.5,-1.31,3.42,3.76,1.45
196707,5.5,12.32,7.12,6.67,6.12,4.38,5.84,6.88,7.74,5.09,4.54,8.24,6.17,2.33,5.96,6.96,0.52
196708,-1.46,-2.82,-1.66,3.89,-0.18,-0.54,-0.31,2.73,0.77,-1.94,-0.41,-0.4,-3.12,-0.65,0.41,2.11,-0.77
196709,2.28,6.41,3.43,9.14,4.17,5.58,1.56,3.62,0.25,1.67,8.07,5.42,-2.84,-0.09,1.94,3.18,3.55
196710,-3.35,-5.68,-1.49,-1.05,-0.38,-6.5,-2.78,-5.26,-10.05,-7.53,2.1,-4.96,-7.38,-5.36,0.7,-4,-1.7
196711,0.61,0.8,1.3,0.98,2.19,-2.74,0.53,-1.62,-0.13,-1.05,1.95,0.24,0.76,3.17,0.71,-1.37,-0.23
196712,2.48,5.59,2.76,4.55,0.92,5.75,4.06,6.61,4.73,3.05,2.47,3.04,3.12,3.28,2.76,7.32,3.45
196801,-0.98,-2.35,-0.43,1.6,-9.43,-5.12,-7.6,-0.49,-4.73,-2.6,-7.81,-4.48,-7.99,0.2,0.96,2.89,-1.78
196802,-2.26,-1.39,-2.53,-3.76,-3.36,-4.41,-2.41,-3.92,-4.18,-0.97,-4.14,-2.95,-3.62,-1.48,0.01,-2.85,-4.57
196803,0.56,-0.36,1.6,1.35,3.31,-0.5,0.9,0.04,-0.7,-3.34,3.52,0.02,-0.8,-3.93,3.29,0.85,-0.46
196804,10.09,7.16,5.8,13.6,12.02,7.84,10.97,14.94,7.18,11.28,12.32,11.72,11.83,2.49,12.08,11.37,8.18
196805,5.16,4.26,0.54,6.09,3.55,-0.93,1.73,5.63,5.16,1.9,4.42,0.39,4.7,0.45,3.05,6.61,2
196806,1.17,0.12,2.5,1.01,-2.99,0.91,2.26,-1.53,0.65,3.16,-1.39,-1.09,0.1,8.44,0.46,7.76,1.05
196807,-3.75,-6.2,5.39,-3.47,-5.3,-1.18,-4.17,0.17,-6.85,-4.16,-4.99,-2.66,-5.55,0.17,-4.94,0.79,-2.25
196808,2.7,-1.72,1.4,6.78,2.76,2.71,0.21,7.65,1.69,1.33,0.97,1.27,0.53,-0.87,2.42,5.61,2.29
196809,4,4.22,3.34,5.57,3.2,7.02,1.4,5.01,7.78,3.54,3.21,7.55,7.98,0.27,7.73,9.11,4.44
196810,0.37,-1.38,2.37,1.89,0.88,2.16,1.03,-1.43,2.87,4.08,-3.9,4.31,-0.74,0.49,0.42,3.09,2.21
196811,5.54,9.65,6.02,4.87,6.45,4.79,6.81,6.1,5.37,6.53,7.87,-2.87,8.08,8.79,4.58,6.53,5.51
196812,-1.49,2.57,-2.2,-2.34,-5.89,-2.71,-2.56,-1.62,0.69,0.84,-4.72,-4.33,-3.37,-2.88,-4.5,-6.11,-5.17
196901,-0.72,-2.48,-1.16,-2.34,-0.42,-1.61,0.49,-1.43,2.82,-1.98,-3.64,-2.08,0.71,2.41,-0.9,-0.04,-0.45
196902,-5.6,-6.98,-5.32,-8.83,-5.51,-5.63,-5.17,-6.03,-8.49,-3.82,-3.76,-2.11,-8.26,-5.2,-3.24,-8.66,-4.53
196903,1.13,-1.58,7.26,-0.9,2.37,0.1,2.24,3.93,2.9,3.13,5.73,4.71,-2.16,-1.29,5.51,3.49,2.79
196904,2.02,-0.14,-0.04,-0.84,4.56,-1.05,4.33,1.61,0.59,-0.38,2.73,-0.33,-1.98,1.34,3.88,2.97,4.51
196905,1.77,1.69,4.04,-0.64,-0.89,-0.85,2.42,0.03,-2.89,0.62,-1.5,0.91,-3.5,0.02,0.83,-1.18,0.09
196906,-6.35,-12.54,-9.67,-9.4,-2.55,-7.67,-4.62,-11.68,-10.31,-8.46,-1,-5.83,-8.81,-5.74,-4.44,-10.22,-7.36
196907,-5.62,-8.48,-9.26,-9.49,-4.33,-3.97,-2.76,-7.25,-6.52,-6.13,-5.68,-7.85,-12.6,-2.98,-8.32,-8.7,-6.23
196908,5,5.06,6.71,3.28,4.18,3.09,7.25,8.34,0.39,6.28,6.49,3.47,5.73,-1.29,8.27,10.55,4.67
196909,0.79,1.74,-9.53,-2.86,-0.22,-5.55,1.35,-4.3,-1.04,2.32,-0.56,-1.03,-2.52,-4.14,-0.62,-0.74,-2.18
196910,8.14,2.2,-1.57,7.06,5.86,4.8,9.67,7.91,8.16,3.32,5.42,4.27,5.56,8.28,6.32,9.05,5.86
196911,-2.09,0.39,-4.9,-3.62,-3.2,-4.48,-0.41,-3.84,-4.58,-2.22,-1.7,-4.46,-8.32,-5.26,-4,-6.82,-1.54
196912,-0.56,-3.1,-3.64,-5.84,-0.1,-3.38,2.56,-4.29,-1.3,-1.09,-0.66,-3.79,-6.94,-0.65,-2.89,-2.29,-2.53
197001,-2.63,-1.56,-11.2,-4.89,-7.6,-6.73,-5.39,-9.52,-5.71,-4.36,-8.29,-8.41,-9.57,-4.23,-5.86,-9.18,-7.87
197002,5.57,7.12,4.64,4.02,-0.26,3.65,4.39,8.34,11.01,4.39,3.3,8.19,8.56,8.36,5.63,11.15,6.78
197003,-0.91,-1.69,-0.04,-0.06,-0.5,0.84,-3.58,-1.49,0.81,1.5,-1.22,6.04,-3.16,2.91,-1.43,-0.78,-1.21
197004,-10.04,-13.51,-9.45,-11.21,-8.91,-3.87,-8.99,-10.91,-9.43,-10.59,-12.9,-8.15,-12.88,-8.06,-10.52,-12.8,-11.69
197005,-7.15,-2.52,2.82,-10.25,-9.8,-2.68,-5.28,-9.09,-9.37,-9.68,-9.37,-5.45,-7.77,-5.36,-9.46,-8.35,-6.53
197006,-0.94,-1.41,-2.76,-4.89,-5.53,-1.11,-0.26,-6.53,-6.48,-0.46,-9.46,-3.92,-13.57,-4.7,-3.79,-4.62,-7
197007,5.7,2.89,12.92,9.36,5.89,8.29,2.78,10.08,3.53,6.35,1.67,9.3,7.08,8.71,11.15,8.77,8.66
197008,-0.51,3.55,6.44,5.93,5.92,5.41,1.45,3.69,0,5.06,6.45,9.35,8.89,4.67,5.01,5.02,5.12
197009,5.02,10.05,3.32,9.21,6.36,-1.45,6.82,7.61,4.19,2.42,9.57,1.43,9.05,-0.54,7.2,5.27,3.2
197010,0.82,-3.27,2.53,-2.85,-1.66,-4.04,1.97,-4.27,-4.98,-5.02,-2.52,-3.01,-6.69,-0.8,-1.18,-7.29,-2.85
197011,4.95,-0.13,4.99,2.61,4.94,4.94,4.71,0.73,1.94,1.35,3.22,8.47,4.25,9.39,7.57,5.91,4.51
197012,6.12,5.71,2.18,13.69,5.9,9.72,5.49,8.96,7.44,6.39,5.17,5.85,9.11,7.13,4.9,9.58,7.06
197101,3.06,5.48,0.46,9.61,6.25,6.79,3.41,6.63,4.29,7.7,5.68,2.32,16.15,2.95,7.95,5.25,7.28
197102,2.23,3.39,4.61,6.2,2.34,1.78,1.29,0.4,-0.12,3.85,2.99,0.2,3.15,-2.58,3.65,1.85,0.04
197103,3.97,6.59,2.87,2.24,6.78,3.42,4.01,0.61,3.99,4.01,6.3,3.12,2.89,2.39,6.7,7.17,4.08
197104,1.68,3.75,4.04,1.57,5.11,6.45,2.77,4.08,2.81,2.97,2.9,8.65,10.16,-3.54,5.45,2.29,3.63
197105,-1.58,-2.97,-4.23,-3.88,-0.79,-0.71,-2.96,-5.2,-3.69,-3.81,-5.87,-5.12,-3.78,-3.69,-1.89,-5.4,-4.12
197106,1.11,-0.43,1.1,-3.81,2.12,-0.14,2.71,-3.2,-4.75,-2.86,-1.64,-1.98,-2.38,4.29,0.27,-0.02,0.81
197107,-1.04,-5.35,-1.94,-5.79,-6.81,-4.06,-2.32,-3.83,-7.54,-5.49,-7.83,-2.93,-6.67,-2.15,-3.19,-1.9,-4.75
197108,2.07,-2.39,-0.91,6.88,8.25,8.15,3.6,6.34,8.63,6.07,7.49,9.8,12.08,-2.33,6.44,6.71,1.34
197109,0.42,-3.52,-1.68,-0.25,1.16,0.21,0.43,1.92,-7.37,-3.02,-1.11,0.24,-0.04,-1.49,0.54,-0.29,-0.41
197110,-2.79,-12.83,-4.41,-6.07,-4.68,-6.5,-2.82,-6.25,-10.21,-9.5,-4.8,-4.95,-3.53,2.04,-3.42,-2.3,-4.32
197111,0.5,-3.87,-0.12,-3.4,2.08,-1.43,0.6,-4.09,-2.53,-2.24,0.29,-0.38,-0.86,-1.22,0.51,1.13,0.07
197112,9.52,12.59,8.66,12.32,8.94,6.84,7.91,8.47,13.94,10.29,11.55,5.66,10.98,8.12,9.98,5.93,9.97
197201,0.7,8.05,0.16,5.96,3.73,4.43,2.89,1.59,4.35,1.4,7.07,4.4,8.19,-0.32,-0.2,0.84,2.14
197202,4.13,4.82,3,2.12,6.07,2.66,7.71,3.35,6.83,6.68,2.31,-0.63,2.89,-2.5,5.7,0.04,2.46
197203,-0.22,-1.61,-5.07,-1.52,4.3,2.45,0.46,0.76,0.28,-2.01,2.28,5.2,-0.18,-0.14,2.37,5.13,-0.5
197204,2.15,0.45,-0.64,-1.44,2.06,2.2,1.69,2.08,0.21,0.72,2.26,-2.5,1.11,-2.8,-0.76,2.56,-0.19
197205,0.74,1.54,3.03,-4.62,3.74,1.37,4.11,-3.25,-1.45,-4.31,3.54,-2.83,1.37,-0.17,1.65,-1.87,2.37
197206,-0.6,-2.36,-0.92,-1.82,-0.73,-3.87,0.91,-3.32,-5.42,-1.22,-1.51,-2.6,-8.07,-1.56,-3.74,-3.82,-2.89
197207,0.65,-3.6,-0.45,-3.48,-0.38,-0.3,2.78,-2.85,-3.89,1.03,0.5,-1.59,-2.62,0.05,-2.22,-1.01,-1.13
197208,1.53,3.92,12.16,-1.16,-1.78,7.59,0.6,0.84,8.4,3.24,2.63,4.5,1.52,5.95,-0.6,6.01,3.79
197209,-1.17,-4.63,-0.65,-3.44,1.63,-4.61,-0.54,-3,-3.93,-3.58,-1.11,-1.2,-5.14,0.18,-0.16,-0.18,0.3
197210,1.21,-0.74,3.65,-0.39,0.43,0.1,2.53,-0.55,-1.9,-1.74,-3.17,-3.4,1.49,6.77,1.23,1.61,1.23
197211,5.68,4.54,6.32,9.59,0.62,5.93,1.48,7.84,13.28,4.07,2.7,10.2,6.24,6.39,6.06,4.73,5.39
197212,1.74,2.61,1.45,-2.28,3.94,1.07,3.36,-2.01,-5.64,-0.14,1.5,0.05,-3.9,-1.54,2.1,-0.8,1.04
197301,-3.19,2.23,4.2,-7.25,-5.91,-2.4,-0.82,-7.59,-1.17,-5.46,1.85,-5.92,-9.33,-4.28,-4.02,-7.51,-3.71
197302,-3.21,3.25,-7.15,-9.18,-1.37,-0.26,-0.38,-8.08,-1.6,-3.47,-3.15,-6.58,-5.81,-1.98,-6.39,-6.14,-5.82
197303,-1.01,-2.12,3.35,-2.62,-1.66,0.77,0.46,-2.09,3.68,1.28,-1.21,-2.53,1.75,-2.16,-5.62,-0.43,-0.68
197304,-4.19,-1.63,-1.24,-7.55,-6.92,-3.53,-5.02,-4.95,-1.17,-0.76,-6.44,-3.16,-8.13,-0.58,-8.37,-8.02,-4.08
197305,-0.94,-2.21,-2.44,-6.7,0.23,-1.04,0.34,-4.96,-5.16,-2.11,-2.43,-6.04,-8.42,0.36,-1.48,-3.22,-2.87
197306,-3.16,1.21,2.11,-9.54,1.02,-1.55,1.01,-2.73,-2.68,-1.24,0.14,-2.79,-6.2,-2.47,-5.86,2.53,-2.25
197307,5.98,7.85,0.68,11.61,4.92,7.09,6.04,14,7.1,7.96,6.1,5.37,9.81,-2.39,10.34,9.09,5.92
197308,-1.99,-0.34,-3.36,-6.44,-3.48,-1.67,-7.83,-2.21,1.09,-0.56,-2.33,-3.15,-3.67,-2.09,-4.45,-2.23,-2.51
197309,5.94,11.3,9.36,8.46,0.11,10.29,-0.35,9.52,9.85,6.43,-1.09,6.98,10.77,7.9,7.26,7.32,6.79
197310,-1.87,6.37,5.74,-3.24,-0.61,2.75,0.32,-0.54,7.4,2.08,4.05,-7.25,-0.18,-3.38,-3.74,-1.76,-2.95
197311,-12.64,-6.46,-5.28,-23.18,-13.15,-17.86,-8.36,-19.2,-14.15,-8.53,-10.89,-20.48,-15.35,-11.61,-18.68,-12.26,-12.08
197312,-0.91,8.08,8.54,-7.87,-1.17,5.85,-5.2,0.82,10.51,2.64,-3.51,-4.13,4.44,3.41,-0.17,2.18,1.51
197401,1.5,5.12,-8.57,10.55,-1.77,1.92,-1.76,6.28,4.91,-0.52,-0.36,11.86,2.97,4.55,6.86,0.32,1.49
197402,0.11,2.09,-1.28,0.99,-3.29,1.92,-1.37,3.84,3.44,-0.29,-0.6,-0.22,6.94,0.27,0.8,0.58,0.62
197403,-2.31,-4.41,-3.65,0.61,-0.46,1.57,0.19,-0.7,-2.66,-3.38,-2.85,0.45,-5.01,-3.63,-3.87,-4.12,-2.03
197404,-3.43,-7.16,-6.76,-2.91,-5.52,0.98,-1.48,-4.46,0.19,-6.13,-3.41,-2.59,-3.56,-12.19,-1.87,-6.82,-4.75
197405,-3.94,-7.83,-7.57,-6.86,0.19,-0.13,1.05,-6.76,-8.88,-11.52,-4.65,2.92,-5.11,-4.89,1.85,-10.09,-3.31
197406,-0.47,0.59,0.11,-2.49,-1.82,0.5,-0.52,-4.69,2.99,-2.12,-2.65,-3.47,-1.17,-6.17,-2.55,-6.75,-2.16
197407,-12.29,5.04,-0.98,-3.23,-13.76,-4.36,-12.81,-5.54,4,-7.02,-7.9,-11.9,-6.55,0.79,-13.79,-7.22,-7.66
197408,-12.21,-9.1,-8.47,-6.22,-10.56,-11.02,-8.24,-9.37,-7.99,-8.18,-6.85,-4.25,-9.44,-8.62,-13.55,-11.77,-6.63
197409,-13.37,-12.43,-7.89,-9.82,-18.24,-10.19,-15.07,-10.74,-8.14,-9.24,-15.94,-9.83,-8.73,-1.34,-12.26,-7.08,-9.72
197410,18.81,22.18,21.72,4.58,13.22,17.94,29,14.81,9.77,14.98,17.83,-3.33,15.55,13,9.23,21.12,14.18
197411,-3.44,-1.68,-4.07,-13.06,-7.27,-10.06,-0.19,-5.54,-1.4,0.24,-4.74,-6.23,-5.09,-0.15,-5.95,-2.07,-4.27
197412,-0.45,-6.03,1.15,-2.76,-7.59,-3.85,-2.3,-5.4,-3.85,-0.35,-5.08,0.52,-6.04,-0.83,-3.42,-2.7,-3.16
197501,20.42,11.73,4.62,26.73,20.3,10.23,2.37,25.87,17.75,15.76,13.38,22.41,18.06,18.84,26.71,17.19,15.32
197502,5.45,5.81,2.43,1.62,13.1,9.1,11.28,3.33,1.64,5.69,12.6,0.09,5.87,0.92,4.91,0.21,6.45
197503,5.53,8.94,-2.01,15.74,4.87,6,2.17,8.55,11.62,3.33,2.05,7.11,5.42,-1.34,10.88,2.46,1.68
197504,1.04,10.09,7.43,7.38,8.47,16.3,1.48,3.35,9.51,1.42,5.73,3.24,6.07,-1.58,2.52,1.4,4.02
197505,6.47,7.76,12.55,3.15,0.75,0.33,6.13,5.34,-5.08,3.23,5.12,4.98,3.2,8.45,4.33,6.4,5.32
197506,5.08,4.38,6.7,8.33,3.83,4.29,1.33,5.57,6.37,8.48,2.68,9.17,5.81,10.77,7.56,6.31,4.54
197507,-5.35,-3.82,-4.3,-3.54,-7.82,-4.53,-10.76,-5.67,-6.59,-3.64,-8.21,2.59,-4.16,-4.78,-8.24,-7.31,-5.36
197508,-2.39,-7.28,-0.64,-4.12,-3.54,1.98,-4.2,-1.37,3.74,-1.86,-2.49,-2.98,-2.74,-1.3,0.29,-6.14,-3.26
197509,-3.24,-2.72,-1.05,0.74,-4.18,-8.49,-4.82,-6.6,-5.25,-4.53,-2.03,-1.23,-3.99,-0.97,-3.41,-7.5,-4.15
197510,11.73,-5,-1.53,10.51,8.78,6.82,9.74,4.25,-2.82,1.58,6.79,9.54,3.78,6.51,10.65,5.02,6.41
197511,3.22,-1.45,-1.96,6.77,3.21,2.02,5.12,3.34,1.62,0.47,3.78,3.77,3.37,3.12,4.83,4.85,4.3
197512,-1.98,2.38,0.24,-1,-2.2,0.02,-5.68,0.72,2.13,-3.62,-1.14,1.74,0.2,1.33,-3.47,-0.47,-1.63
197601,8.96,14.72,7.61,21.73,14.9,19.93,7.23,17.97,21.23,18.33,17.99,13.13,15.44,8.37,8,12.2,13.58
197602,-3.03,2.14,-3.24,4.89,-0.38,2.51,-5.88,6.03,5.22,3.65,2.04,5.48,6.16,-3.53,4.12,1.88,2.34
197603,0.65,4.39,7.6,2.99,1.86,-3.6,5.85,2.82,-0.04,0.39,2.15,5.57,0.54,1.42,3.94,3.22,1.22
197604,-1.31,2.79,1.78,-3.17,-4.92,0.09,-3.6,0.02,1.36,-1.1,-2.32,1.88,1.23,0.65,-5.08,-2.58,-0.42
197605,-1,2.55,6.21,-7.29,-3.17,-2.7,-2.37,-3.93,0.41,1.2,0.81,-2.77,1.88,-1.38,-6.53,-2.14,-2.22
197606,5.46,4.64,4.92,0.89,5.22,-0.53,4.64,3.77,4.72,8.87,7.66,2.35,7.08,4.27,1.34,6.43,3.84
197607,1.78,-3.8,-0.36,-1.6,-3.17,-2.26,-0.13,-2.02,-2.43,-2.12,-2.4,-0.39,-1.22,2.82,-2.32,1.17,0.14
197608,-0.46,-3.82,-0.63,-2.71,-1.17,-3.34,1.82,-1.13,-3.6,-1.64,-1.6,-0.57,-2.39,2.93,3.87,-0.16,1.07
197609,0.13,2.58,6.1,0.86,-0.73,0.31,3.25,2.88,1.67,3.11,2.22,5.93,1.1,4.1,0.32,0.51,2.21
197610,-2.25,-2.35,-2.34,-1.06,-2.88,-2.43,-2.66,0.15,-5.96,-4.21,-4.1,-0.8,-4.47,-0.84,-0.53,0.64,-1.81
197611,0.39,0.93,1.16,7.11,-1.46,-5.14,-6.23,3.54,-0.13,0.49,1.32,-0.27,4.17,3.16,5.17,1.68,1.67
197612,4.64,5.94,6.19,6.46,4.73,10.19,5.28,8.11,7.6,7.48,4.14,10.68,5.36,6.53,1.52,8.91,5.73
197701,-4.96,-1.5,-0.14,-0.8,-7.97,-5.79,-8.04,-4.77,-3.73,0.64,-4.17,-3.39,-2.68,0.8,-7.94,-4.58,-2.76
197702,-0.68,-0.38,-2.99,-4.6,-2.59,-0.72,-0.39,-1.66,-0.61,-0.28,-0.27,-3.68,-2.28,-3.4,-1.67,-1.63,-0.75
197703,-1.2,2.42,-1.96,-0.96,-3.87,-0.43,-2.24,0.07,0.63,1.9,1.02,-5.02,-0.2,0.15,-3.38,-0.53,-0.34
197704,-0.19,-1.88,2.81,2.28,-1.01,-0.55,-2.94,2.35,0.95,5.14,-1.95,2.41,4.25,1.95,-3.69,2.34,0.8
197705,-0.89,-7.3,-0.21,-4.71,-3.7,-3.7,-1.75,-2.93,-5.77,0.37,-1.48,-0.03,1.39,1.67,-3.31,-0.59,0.18
197706,4.07,1.07,5.65,6.11,5.04,0,7.64,4.27,0.02,4.11,6.35,4.32,4.9,5.72,6.49,6,4.87
197707,1.84,-5.93,-2.04,-0.87,-2.21,-3.25,-0.77,-3.25,-7.41,-2.46,-1.61,-2.54,-2.12,0.87,0.22,0.45,-1.1
197708,-0.06,-1.45,-5.76,-0.38,1.33,-3.04,3.57,-1.87,-5.22,0.97,-0.03,-0.45,-3.5,-3.25,5.36,-1.21,-1.34
197709,0.61,-1.39,0.7,1.79,-0.94,-0.25,-1.16,-1.16,-5.74,0.13,-1.16,3.81,-2.13,2.01,-0.7,-0.02,1.12
197710,-4.46,-5.52,-3.69,-2.55,-7.51,-3.11,-3.14,-2.12,-0.04,-3.38,-3.58,-4.63,-3.86,-3.14,-3.07,-4.86,-3.78
197711,3.64,3.76,3.48,8.12,1.74,2.85,5.36,7.66,1.51,4.39,5.43,1.83,7.33,4.3,5.28,5.84,4.66
197712,-0.22,1.07,1.87,0.05,-0.49,1.39,-0.39,0.41,4.4,0.39,2.33,-0.77,1.19,-0.32,-2.16,-0.07,1.61
197801,-4.77,-5.02,-6.96,-4.02,-7.14,-6.4,-3.44,-6.29,-4.57,-3.81,-4.9,-6.74,-3.36,-4.57,-7.19,-6.01,-5.15
197802,0.11,-1.13,-1.19,1.25,-3.16,-4.83,-2.31,0.15,-3.78,-0.37,-3.12,1.72,0.22,-0.4,-0.73,0.04,0.78
197803,2.72,3.02,2.23,5.71,4.2,4.03,3.08,5.55,6.2,5.89,-0.31,6.63,6.9,2.48,2.02,5.13,4.2
197804,6.24,5.88,7.22,6.44,13.81,10.97,9.57,9.74,8.87,7.42,13.2,8.36,10.57,0.23,11.6,9.98,6.97
197805,4.46,2.51,1.18,3.52,5.18,0.12,4.67,3.9,3.39,2.31,2.89,-1.55,5.89,0.71,0.56,1.32,2.37
197806,0.47,-4.14,-3.92,-2.32,-2.65,-2.54,0.28,-1.55,-6.17,0.72,-0.46,-2.94,1.17,0.82,-2.13,-0.51,-0.47
197807,2.63,8.44,3.33,2.51,8.63,5.48,7.24,8.06,8.15,5.8,8.21,3.72,12.74,2.82,5.05,5.17,5.16
197808,3.34,3.82,5.67,7.96,3.27,4.79,0.71,9.24,0.54,5.24,5.12,2.82,4.5,0.47,5.05,5.61,5.16
197809,-0.62,2.23,4.96,0.3,-2.96,-0.17,-2.27,-2.17,1.24,-3.67,-3.39,0.6,-4.99,-0.26,-2.65,-0.88,-0.9
197810,-10.72,-11.37,-10.64,-16.98,-10.87,-9.44,-10.11,-16.6,-11.95,-13.17,-11.33,-10.56,-16.89,-7.08,-13.4,-11.37,-11.36
197811,1.76,0.7,5.86,3.85,3.2,1.01,3.9,1.38,1.3,2.81,4.26,0.87,5.92,3.01,1.97,1.75,4.29
197812,1.55,3.45,3.21,0.26,0.29,-0.08,3.32,0.99,0.2,2.17,6.11,-0.23,0.89,-1.23,-1.26,1.44,0.85
197901,3.46,10.47,3.05,9.68,4.59,6.49,0.94,8.74,13.38,6.11,4.35,4.91,4.53,6.35,5.54,5.28,5.54
197902,-3.88,1.84,0.75,-1.91,-4.54,-2.28,-4.37,-2.9,-3.67,-5.29,-3.16,-3.5,-8.22,-1.62,-4.86,-3.36,-2.86
197903,2.87,10.57,9.34,8.4,6.48,9.72,3.97,8.52,9.09,6.35,7.5,6.78,8.6,2.35,5.61,7.39,4.99
197904,-0.03,-2.97,4.4,0.3,1.45,-2.02,0.57,2.73,-0.64,1.37,0.16,2.26,0.02,-2.72,0.97,1.48,0.19
197905,-1.74,2.18,-2.34,-0.39,-2.34,-2.95,-3.09,-1.88,-2.61,0.72,-1.62,-1.1,-1.85,1.39,-2.78,0.15,-0.91
197906,3.38,10.05,9.16,1.94,2.14,3.82,3.4,4.39,2.17,5.42,1.93,2.5,4.03,4.99,2.62,8.71,3.49
197907,0.95,1.2,1.69,1.77,0.67,3.95,0.48,2.82,4.51,4.91,-0.68,1.2,5.84,2.12,1.01,3.25,1.21
197908,7.24,7.71,8.26,7.03,5.57,6.75,8.83,9.87,7.14,7.92,5.76,5.53,9.08,2.05,9.12,5.03,4.86
197909,-1.72,7.65,6.03,-1.54,-3.56,2.72,-1.54,-0.01,2.55,-1.06,-1.58,2.53,-2,-2.14,-1.74,-1.09,-1.59
197910,-8.55,-11.61,-2.05,-9.13,-7.37,-7.99,-4.81,-10.27,-11.62,-6.92,-8.01,-11,-9.88,-5.8,-8.79,-10.1,-7.54
197911,5.26,11.69,8.9,6.31,0.86,6.07,6.45,6.32,0.78,6.16,7.69,-3.55,9.39,7.79,2.65,6.34,5.65
197912,2.48,17.54,2.94,6.17,4.08,5.45,1.3,4.45,8.19,5.34,2.41,0.94,6.27,-0.92,1.37,1.66,2.31
198001,3.85,13.73,13.82,2.68,4.72,3.96,-2.3,8.76,17.5,7.26,7.71,10.68,16.09,1.6,-0.34,2.07,3.84
198002,-5.28,3.77,12.62,-0.72,-5.28,-1.67,-4.02,-2.04,0.1,-1.02,-3.82,-6.46,-6.54,-3.36,-5.37,-4.98,-1.46
198003,-8.94,-18.74,-17.76,-8.98,-5.56,-11.92,-2.81,-14.78,-18.64,-16.64,-12.76,-9.49,-12.92,-6.67,-7.89,-8.8,-9.75
198004,7.14,-0.56,6.84,3.65,2.19,4.81,5.07,4.04,2.31,4.03,0.08,-3.05,-0.6,11.96,4.82,6.81,6.62
198005,7.96,9.74,4.1,3.58,5.78,7.52,8.05,8.85,5.17,5.68,4.88,3.06,5.83,4.61,10.28,7.83,6.33
198006,2.34,10.78,5.94,3.31,2.7,2.08,0.34,4.96,2.4,5.2,3.84,2.04,1.13,4.54,2.34,4.95,1.91
198007,5.84,9.31,1.68,13.54,9.77,8.76,8.47,12.81,12.76,10.16,14.55,12.69,14.04,-0.12,10.39,3.18,7.17
198008,0.58,6.62,3.86,2.95,2.23,2.86,-0.7,1.44,1.09,2.2,2.43,2.99,1.15,-1.08,0.58,1.88,4.43
198009,-0.18,12.3,7.26,1.75,2.04,1.73,0.87,1.69,4.59,3.75,2.56,1.54,3.06,0.17,-0.71,2.6,1.97
198010,-0.95,-0.32,8.07,1.22,2.15,-1.3,-1.64,3.09,-1.03,5.34,2.09,-5.53,2.16,2.01,-2.05,0.09,0.89
198011,0.08,8.78,24.06,1.05,7.92,8.64,5.71,7.14,5.55,10.73,10.58,-1.3,15.06,7.51,1.12,5.64,7.68
198012,1.91,-8.16,-10.9,-1.87,-2.39,-1.9,3.89,-3.91,-4.3,-2.64,-2.22,-0.39,-0.67,-2.02,0.5,3.19,-1.85
198101,2.67,-8.78,-10.2,7.62,-1.61,1.54,-1.13,-2.45,0.72,-4.28,-7.36,-1.77,-2.93,-2.72,1.54,-2.51,-1.39
198102,2.29,-3.6,-0.44,1.95,8.21,3.93,3.19,3.93,2.55,1.66,1.49,6.44,-0.68,-1.32,4.1,1.99,2.76
198103,6.89,16.01,-2.4,7.29,4.39,2.37,4.58,7.75,19.95,6.58,4.49,8.3,7.83,2.96,12.99,6.86,5.56
198104,-0.06,-2.88,-7.76,1.51,-0.76,-2.35,2.53,-1.67,-1.58,-0.22,-0.2,2.07,1.9,-2.58,4.06,0.6,2.87
198105,2.42,0.05,-4,1.32,0.51,-1.85,1.46,0.51,-0.08,0.78,2.61,3.43,2.63,1.95,2.97,2.78,3.81
198106,-0.58,-3.23,4.89,0.92,-3.01,2.71,-2.46,-1.79,-6.36,-3.4,-5.64,-3.11,-5.29,3.45,-1.43,1.71,-2.79
198107,-1.3,4,7.99,-0.94,-2.84,-4.98,-2.83,-4.12,0.18,0.07,-2.79,-3.04,-5.48,2.8,-3.07,-3.08,-1.83
198108,-4.92,0.36,-6.59,-5.98,-7.05,-7.11,-5.16,-5.21,-7.23,-5.45,-6.74,-9,-9.38,-0.84,-6.22,-5.2,-5.66
198109,-1.9,-15.18,-12.46,-2.89,-3.27,-8.51,-1.31,-10.08,-9.52,-7.6,-5.95,-3.7,-5.53,-5.56,-2.02,-2.45,-2.99
198110,8.59,4.17,10.37,3.85,1.13,5.42,6.14,1.52,1.24,7.59,3.74,-9.26,8.62,4.87,6.19,7.47,7.14
198111,2.05,2.11,6.88,0.42,6.09,3.71,3.74,6.33,4.41,-0.73,3.17,2.91,1.68,5.91,0.91,5.64,3.8
198112,0.08,-6.2,-6.62,-1.3,-0.78,-1.68,-1.66,-2.63,-2.66,-0.71,-0.55,3.07,-1.81,-2.33,-2.14,-3.88,-2.12
198201,-0.53,-10.83,-8.76,-0.17,3.78,-4.32,2.43,-7.21,-8.9,-2.84,1.3,-0.67,-3.77,-0.69,1.07,-2.12,-1.63
198202,-0.75,-8.33,-11.38,-4.25,-3.79,-6.44,-2.24,-7.2,-4.71,-5.43,-5.79,-2.39,-5.3,-0.43,-0.89,-2.94,-4.23
198203,3.41,-10.06,-3.62,0.7,2.36,-1.11,-1.21,-2.7,-5.17,-6.32,-3.53,4.56,0.3,1.63,5.9,-1.05,-0.07
198204,6.79,0.12,4.68,7.38,1.2,5.18,6.4,2.44,1.6,2.95,5.76,5.13,4.95,3.83,6.01,3.29,3.85
198205,-2.4,-5.57,2.57,-0.86,-2.24,-4.32,-3.19,-5.47,-6.82,-2.14,-5.66,-0.13,-5.88,-0.5,-2.85,-5.6,-3.44
198206,2.01,-5.58,-6.71,1,2.48,-4.73,-0.6,-2.71,-6.7,-6.03,-2.52,2.87,-0.33,-2.24,3.89,-2.5,-1.58
198207,1.85,-5.67,-8.04,-0.05,1.87,-3.98,-0.59,-3.12,-4.61,-2.34,0.21,-3.79,-1.97,-2.61,0.57,-3,-0.56
198208,6.97,20.83,10.02,10.82,11.59,15.22,11.76,17.72,13.32,9.83,12.91,16.09,16.69,11.92,11.48,11.48,10.88
198209,4.01,0.43,1.94,8.65,0.18,-0.27,2.36,-0.53,-5.19,-0.65,-0.44,-1.37,-1.58,1.09,4.69,5.96,2.24
198210,7.4,17.65,5.58,13.48,12.75,12.77,9.17,18.37,9.31,14.64,14.58,17.08,15.83,4.9,16.66,15.17,13.77
198211,5.19,6.2,-4.73,8.42,9.22,2.96,3.46,11.72,3.65,5.56,9.61,7.77,7.33,0.11,10.9,6.41,7.71
198212,0.65,5.95,5.67,1.09,-2.19,-2.34,-0.79,3.01,5.69,-2.71,3.92,5.45,1.14,4.28,-2.95,-2.3,0.18
198301,-0.05,14.28,3.66,-0.41,5.14,9.98,1.76,2.08,8.08,6.51,7.93,2.45,6.87,3.65,0.55,0.48,5.39
198302,1.69,-7.3,-0.37,7.95,6.79,4.46,1.84,4.36,3.94,4.86,2.95,1.68,5.82,1.45,8.12,5.47,3.78
198303,5.96,3.79,6.15,11.01,-2.39,0.7,4.34,5.79,2.93,2.04,0.43,-0.52,3.77,0.3,9.96,6.86,2.84
198304,5.09,9.07,9.51,8.62,6.06,8.88,5.25,5.5,3.05,5.17,6.98,15.75,4.99,4.78,9.25,9.01,6.79
198305,-0.83,6.5,1.43,0.97,-4.42,4.45,-4.09,2.87,9.51,4.91,3.01,-1.97,3.42,2.62,-0.08,0.68,1.49
198306,1.6,1,6.7,8.02,5.22,1.05,4.97,-0.14,-1.98,1.32,5.75,12.61,7.64,-0.41,5.86,0.26,3.02
198307,-2.17,-4.98,-2.58,-4.42,-5.11,0.16,-3.53,-3.91,-0.77,0.19,-4.75,-1.39,-4.9,1.05,-2.18,-2.89,-5.24
198308,1.7,0.81,7.34,-4.55,-1.03,6.99,1.06,-4.27,7.82,-1.51,-0.64,-3.85,-3.8,1.5,-5.39,1.2,-1.51
198309,5.37,-5.82,-5,1.58,2.9,-0.4,3.27,3.37,-2.42,0.69,2.82,5,3.36,4.66,2.22,1.98,2.19
198310,2.16,-9.63,-2.07,-4.47,-2.29,-3.06,0.89,-4.75,-5.21,-0.55,-5.52,2.04,-0.43,3.07,-0.54,-2.95,-5.73
198311,2.44,8.85,-0.69,3.4,8.84,2.76,-0.62,7.41,9.49,6.31,2.34,-0.4,7.79,-1.56,4.35,3.92,3.91
198312,-0.57,-1.97,1.98,-2.87,1.23,-3.21,-2.87,-1.28,1.14,-0.95,1.43,1.33,-1.11,-3.64,-5.83,-0.73,-1.7
198401,0.38,-1.61,10.03,-6.59,-6.5,-4.01,0.26,-3.76,-1.94,-2.33,-4.92,-3.39,-3.35,1.49,-6.32,-0.49,-2.18
198402,-4.3,1.56,3.39,-3.68,-5.67,-7.41,-2.71,-5.79,-7.78,-7.55,-5.9,-6.68,-7.33,-3.36,-4.45,-4.57,-5.06
198403,1.12,5.64,0.85,-0.11,2.07,6.01,0.04,4.34,5.9,3.67,2.42,-2.59,-0.78,-0.24,0.85,2.09,0.05
198404,0.34,-5.79,4.19,-0.17,0.28,1.11,0.78,-2.8,-5.59,1.43,0.11,1.48,-1.21,-0.39,0.74,-1.2,0.56
198405,-1.89,-7.77,-4.81,-5.59,-3.47,-6.93,-3.38,-8.96,-9.48,-4.65,-6.35,-4.83,-3.8,-0.83,-4.96,-7.42,-5.21
198406,6.46,-5.08,-2.09,4.23,1.68,0.3,5.6,1.34,-1.51,11.18,1.1,3.1,5.8,0.48,7.91,2.29,6.37
198407,-1.08,-13.01,-7.29,-6.14,0.32,-2.07,-3.26,-2.99,-9.2,-2.48,-1.33,4.43,0.29,-0.03,1.24,-0.62,-0.93
198408,7.34,19.6,13.77,9.67,9.16,13.47,7.96,12.65,13.97,10.22,13.64,9.51,12.26,7.75,9.11,11.01,10.6
198409,2.51,0.16,2.02,-1.6,-2.91,-3.22,-1.26,0.8,-3.4,-2.16,-3.4,2.57,-0.84,4.81,0.01,3.25,-0.58
198410,2.23,-5.79,-4.29,-0.45,0.64,-1.14,2.85,0.31,-1.83,0.94,-0.54,2.98,4.64,3.32,-1.06,1.2,-1.72
198411,-0.39,-0.9,-1.14,-0.25,-1.52,-0.4,0.42,-0.05,-1.1,-2.61,-3.18,-2.96,-3.13,3.03,-3.08,0.3,-1.15
198412,2.43,-2.87,-0.55,0.97,2.71,0.6,2.96,1.89,2.33,2.45,2.34,4.81,4.11,2.64,-0.12,4.46,3.61
198501,2.01,15.76,6.6,11.72,9.86,7.04,4.44,12.59,10.53,5.56,12.11,8.86,9.93,2.39,12.6,8.85,9.37
198502,5.32,-4.07,3.94,2.42,0.37,2.53,4.2,0.01,-0.38,2.84,-1.33,-2.41,4,1.39,2.57,2.16,2.44
198503,6.12,5.19,1.62,-0.29,-4.28,-2.38,3.06,-4.61,-3.34,-3.34,-6.18,-4.83,-3.44,6.11,-0.43,0.12,1.44
198504,-1.32,-2.19,3.57,-0.49,-1.24,0.79,-2.75,-0.96,-4.84,-4.3,-3.26,-4.15,-3.32,1.62,0.3,2.55,-0.76
198505,10.63,2.79,0.99,8.35,4.83,7.79,7.09,6.04,1.62,5.48,3.42,6.91,10.27,5.51,11.22,6.25,6.25
198506,3.38,-0.33,-0.96,1.81,2,1.52,1.92,0.89,-0.67,1.61,-0.8,1.17,2.32,3.63,1.27,2.96,3.58
198507,-2.26,8.73,-0.24,2.25,2.64,4.13,-0.81,2.9,7.74,2.61,4.85,0.93,3.66,-4.7,-5.42,-1.34,-0.66
198508,2.44,-1.4,1.37,1.53,-2.97,-1.1,-0.24,-2.69,-1.87,-2.01,-2.42,-0.71,-0.79,1.92,-0.43,-0.4,-0.81
198509,3.24,-9.02,-1.36,-2.64,-3.72,-3.51,-2.81,-4.42,-4.46,-3.13,-4.13,-2.01,-7.37,-5.31,-4.17,-4.45,-5.1
198510,4.26,-1.54,6.02,7.16,0.53,4.92,4.94,2.98,-4.32,3.59,3.13,1.95,0.95,6.3,7.65,7.65,3.54
198511,9.28,5.17,1.37,6.9,12.83,6.12,10.29,8.61,5.98,8.84,8.83,7.67,6.31,4.24,7.77,7.62,6.57
198512,3.85,-2.66,-2.97,4.09,7.24,6.66,3.94,4.89,2.73,5.1,7.05,5.31,2.21,4.85,4.03,4.98,5.97
198601,1.17,2.4,-6.94,5.17,0.35,1.82,1.26,2.39,2.69,2.25,0.27,4.58,2.8,3.78,1.2,3.5,0
198602,8.89,-3.14,0.52,9.82,11.54,12.12,9.19,12.2,5.31,7.35,5.19,11.42,8.91,6.55,7.3,8.61,8.23
198603,8.69,2.61,-0.13,7.24,4.84,6.25,11.45,10.85,3.86,1.71,0.85,11.43,4.96,3.95,8.86,5.86,4.87
198604,0.49,-5,0.6,-1.18,-1.44,2.11,0.29,-1.89,-5.38,-1.28,2.53,-6.76,-3.25,-3.89,-0.12,-3.34,1.33
198605,7.85,2.86,7.39,7.77,4.35,5.85,8.51,5.15,1.59,3.69,0.83,4.31,1.57,3.62,11.14,5.04,5.09
198606,6.1,-3.82,-2.24,4.57,-0.6,0.63,7.18,-0.45,-3.4,-2.52,-4.56,-0.17,-0.33,5.08,4.55,2,2.37
198607,-4.76,-2.09,-5.45,-8.62,-8.67,-6.37,-4.43,-9.15,-15.7,-8.01,-8.08,-8.65,-9.1,5.14,-9.5,-5.42,-6.96
198608,1.91,14.67,16.9,2.67,6.02,5.67,3.2,7.45,8.83,6.14,7.46,7.04,5.81,7.9,1.29,7.21,5.8
198609,-11.36,2.36,-1.05,-8.75,-8.73,-5.25,-12.87,-6.94,2.1,-3.73,-6.92,-7.92,-2.59,-9.09,-8.57,-10.35,-8.34
198610,9.89,-0.44,1.93,7.26,7.33,8.31,8.95,6.7,2.89,3.47,0.21,6.69,3.86,5.24,8.07,3.5,6.57
198611,0.44,1.8,3.38,3.21,7.28,4.11,2.29,2.67,-5.67,1.25,3.87,2.79,1.12,0.55,2.01,-0.83,1.19
198612,-2.65,-2.63,-0.71,-4.55,0.27,-3.88,-0.2,-2.87,-3.09,-5.36,-3.07,-5.06,-4.72,-3.31,-6.95,-2.38,-2.66
198701,13.58,13.99,14.44,10.53,15.21,15.03,14.77,16.8,13.68,11.67,15.89,19.96,6.11,9.3,10.23,10.49,12.96
198702,4.37,12.25,-1.4,11.41,4.43,5.68,7.64,3.9,7.8,8.08,8.78,2.56,5.96,-2.15,11.56,3.89,4.94
198703,2.23,15.82,12.53,1.73,1.59,5.38,0.39,4.95,7.13,-0.89,2.62,6.01,-1.8,-1.66,2.43,-1.54,1.83
198704,-4.45,2.81,0.53,-1.76,-0.91,1.43,-2.66,-4.06,3.53,-0.61,4,7.42,-5.71,-4.33,-2.2,-4.94,-2.26
198705,2.15,-2.97,2.72,1.42,0.81,0.29,1.46,-1.93,3.93,-0.07,0.38,-2.76,3.8,-1.85,0.16,-0.72,1.74
198706,6.12,-1.65,5.67,6.65,4.07,4.67,4.92,6.41,3.48,3.27,0.82,2.44,5.35,3.39,6.89,4.99,5.5
198707,3.56,16.25,2.85,4.87,6.27,6.05,5.85,5.6,19.1,6.93,3.03,6.18,6.67,-1.68,6.42,1.82,5.65
198708,2.94,-2.67,2.13,0.13,6.23,2.52,4.85,2.16,-4.22,1.91,6.38,5.2,0.58,3.71,3.55,5.89,3.4
198709,-2.6,3.8,-3.72,-6.49,-0.98,-0.56,-1.67,-1.77,3.7,-1.32,-2.26,-7.51,-1.89,-2.31,-6.86,-2.36,-0.01
198710,-18.25,-31.85,-18.23,-31.49,-25.29,-27.95,-19.11,-29.18,-30.45,-28.58,-27.04,-27.13,-28.95,-6.94,-28.16,-21.12,-22.79
198711,-7.66,5.54,-10.93,-10.51,-10.96,-5.43,-9.48,-4.88,2.32,-6.41,-8.26,-6.7,-8.15,-2.53,-9.33,-7.14,-7.24
198712,7.72,6.12,6.13,9.1,8.55,14.73,5.68,8.38,10.31,7.59,11.78,8.58,7.11,0.57,7.68,3.58,8.91
198801,3.04,-7.61,9.15,6.21,-0.77,-2.6,5.54,3.84,-2.96,5.81,-1.85,7.92,8.18,9.76,6.6,9.01,3.33
198802,4.63,7.73,2.95,14.8,4.37,8.29,3.81,11.56,9.58,8.34,7.76,7.55,6.75,-1.43,11.2,3.01,5.48
198803,-0.31,8.68,1.93,2.37,-5.44,-1.97,-3.93,1,-3.69,1.13,-3.73,-1.31,1.71,-3.17,-1.48,-2.72,-1.66
198804,0.24,1.54,4.44,-0.28,1.06,1.81,-1.48,2.34,5.83,-0.38,2.92,3.87,-0.35,-0.29,2.08,-0.63,0.41
198805,-0.03,0.4,-0.53,-1.42,1.77,-2.04,-0.67,-1.14,-0.42,-0.7,-1.13,1.11,-0.02,3.59,-1.29,2.02,0.19
198806,2.25,1.59,-1.76,6.81,6.72,9.73,1.87,8.98,6.37,6.82,8.78,8.69,8.31,3.23,6.54,5.55,5.87
198807,1.08,-0.9,3.48,0.54,0.21,-4.09,1.71,-2.19,1.45,-1.21,-4.58,-0.69,-1.51,-0.26,-0.41,0.24,-1.39
198808,0.83,-4.22,-1.48,1.05,-4.49,-4.12,-0.96,-3.68,-4.88,-1.05,-7.66,-6.63,-3.28,-0.13,-2.5,-0.01,-3.34
198809,6.47,-1.98,-2.25,1.21,4.14,2.11,4.86,0.56,0.84,4.15,3.18,4.07,6.49,2.71,9.08,3.94,5.72
198810,12.67,-0.04,1.77,1.05,2.46,1.1,1.42,-0.12,4.27,0.12,0.14,4.94,1.35,2.53,2.04,-0.19,0.78
198811,-0.48,0.6,-0.31,-5.33,-5.07,-2.2,-1.1,-3.55,-1.77,-0.27,-1.97,-0.09,-1.08,-0.46,-2.65,-2.63,-1.82
198812,2.48,-1.31,1.75,6.35,2.82,4.74,2.96,4.04,4.02,2.67,3.96,-0.61,1.29,1.02,1.1,-0.14,2.76
198901,5.05,2.95,6.35,5.17,6.27,10.48,6.43,5.88,11.91,3.64,6.73,9.02,8.03,2.76,6.48,6.76,7.57
198902,-1.55,5.48,-1.37,2.95,0.56,-2.16,-1.59,1.12,-3.58,-0.84,-3.84,-4.72,-0.15,-1.82,-1.76,-0.36,-1.67
198903,5.12,-2.29,3.71,4.35,0.7,2.37,5.69,1.27,-1.93,3.23,-3.89,-2.51,0.7,0.57,3.25,4.73,3.56
198904,5.71,-1.38,2.44,2.36,6.12,5.13,5.24,5.35,3.43,4.44,5.38,-0.38,4.98,3.9,5.79,3.89,7.9
198905,6.01,-4.53,2.91,3.5,1.09,0.73,4.42,3.43,1.16,3.4,4.5,1.36,2.52,5.34,5.73,4.12,5.18
198906,0.87,4.34,-1.04,-0.83,1.45,-2.7,-1.47,-0.21,-3.8,-1.38,-3.31,0.27,-1.96,3.4,-2.11,0.86,-0.33
198907,13.63,-0.76,3.88,8.64,7.01,6.84,13.95,8.41,6.6,6.55,5.68,4.41,7.25,5.8,9.99,8.17,7.83
198908,-4.1,6.95,3.28,4.58,0.61,7.59,1.24,3.24,7.99,5.35,2.04,7.75,8.51,-0.8,2.75,1.95,1.9
198909,-0.14,3.31,1.33,2.2,-2.65,-3.46,1.39,-1.25,-2.54,-4.61,-3.22,-5.83,-2.81,0.48,-2.3,2.11,1.75
198910,-1.53,-0.39,0.4,-5.69,-5.41,-5.84,1.35,-7.62,-9.16,-5.8,-4.58,-6.23,-7.19,1.01,-3.82,-3.98,-3.22
198911,3.63,10.58,3.78,-0.97,-0.07,2.55,3.32,3.16,2.38,1.17,2.01,-2.19,-1.31,3.23,1.43,-0.46,1.33
198912,2.77,1.84,5.83,-1.35,0.02,4.38,1.12,-0.02,0.64,2.53,0.69,-1.7,2.61,4.79,0.87,-2.47,3.03
199001,-9.6,4.18,-4.2,-9.59,-7.04,-7.92,-7.11,-4.76,-8.78,-4.73,-2.06,-3.24,-5.88,-5.35,-5.84,-9.78,-10.95
199002,-0.19,0.09,3.06,2.45,0.6,2.77,-2.23,3.7,3.24,3.5,3.71,6.05,4.37,0.22,1.71,2.33,0.83
199003,5.52,-4.91,-0.58,6.12,4.25,1.12,4.42,4.99,6.28,4.81,3.95,3.29,5.08,-0.75,5.38,-1.55,3.46
199004,0.57,-8.73,-3.55,-1.51,-5.9,-3.71,1.76,-1.97,-7.05,0.16,-1.46,-3.94,-4.2,-5.51,-2.02,-4.23,-2.9
199005,11.59,7.88,6.11,6.84,6.52,7.12,10.36,10.89,7.31,7.73,10.06,8.24,7.51,5.42,11.74,9.29,9.9
199006,1.77,-5.62,-2.1,-2.8,-0.7,-2.26,5.13,-2.18,-1.45,0.94,-1.5,-2.28,-0.74,0.75,1.83,-1.84,-1.68
199007,0.33,9.43,8.19,-3.01,-4.76,0.4,2.94,0.54,5.69,-1.48,-3.64,-2.72,-3.14,0.88,-3.49,-4.55,-4.18
199008,-6.62,-6.95,-1.13,-16.2,-8.15,-12.82,-7.2,-12.22,-10.24,-12.49,-12.74,-13.89,-12.69,-6.63,-13.01,-11.03,-10.88
199009,-3.09,-1.46,-1.58,-13.86,-7.76,-6.75,-4.58,-9.13,-6.16,-9.61,-7.45,-10.78,-7.56,0.48,-9,-11.44,-3.95
199010,4.23,-16.01,-4.21,-8.71,-4.77,1.17,2.84,-6.58,-11.44,-3.48,-4.73,-2.6,-0.27,7.23,-3,-7.03,0
199011,5.17,-2.06,1.7,13.87,10.26,9.82,8.49,9.91,2.94,8.2,9.73,2.77,4.89,2.3,11.06,14.31,5.86
199012,3.97,9.42,-2.17,8.5,2.24,3.09,3.14,5,7.96,1.5,4.62,-1.53,4.67,0.8,2.9,5.47,3.71
199101,3.62,-8.69,-2.04,16.1,8.48,5.83,1.99,8.47,8.19,11.28,12.58,6.61,9.64,-1.37,10.8,7.18,5.17
199102,11.41,8.47,8.44,13.83,7.96,5.96,8.92,11.45,6.64,6.04,6.5,10.77,3.12,4.83,7.86,10.84,5.6
199103,5.83,-1.64,1.35,3.75,4.5,0.14,4.23,0.45,0.53,4.06,-0.45,-1.2,0.03,1.71,9.69,5.81,2.77
199104,-1.61,0.74,2.69,1.94,-1.34,3.48,-0.74,0.44,-0.1,0.5,-2.4,-2.17,1.26,-0.03,1.93,1.73,0.19
199105,3.28,1.52,-1.25,2.05,5.46,9.97,4.07,8.52,4.2,6.42,5.78,15.69,6.71,0.16,7.53,4.64,2.89
199106,-4.59,7.34,-3.87,-1.91,-5.79,-3.74,-4.48,-4.8,-4.8,-0.12,-7.67,-3.49,-3.9,-2.37,-4.76,-5.29,-3.91
199107,6.46,-0.3,5.12,6.52,3.61,5.31,7.68,5.01,4.51,3.96,2.97,-1.18,5.23,3.99,5.15,5.68,3.39
199108,5.85,-5.43,1.33,6.64,5.09,0.83,3.28,3.47,0.89,2.98,1.27,-3.18,1.29,3.53,4.28,4.38,2
199109,-3.92,5.14,-0.75,3.37,0.92,-3.27,-0.57,-2.86,-3.32,-0.98,-3.15,-2.2,-0.24,3.73,-3.94,-0.21,-0.53
199110,-0.06,1.48,2.18,-3.31,4.28,2.45,4.62,-2.8,-0.97,-1.13,-0.21,-3.81,5.31,1.23,-2.87,2.13,3.4
199111,0.66,-0.62,-7.59,-3.45,-1.78,-5.78,-2.18,-2.74,-7.67,-5.28,-5.82,-8.36,-6.97,1.89,-1.12,-5.12,-4.8
199112,15.14,-0.25,2.05,15.14,10.37,10.3,15.63,15.4,7.07,10.52,9.66,6.53,11.81,5.01,13.23,13.27,11.88
199201,-4.68,7.64,-4.16,5.34,4.91,0.29,-4.71,3.17,3.22,3.72,4.52,9.61,0.53,-4.58,0.96,0.84,0.98
199202,0.06,0.9,-0.44,3.94,0.2,2.64,-1.34,1.78,7.01,3.1,4.42,15.16,1.63,-1.23,2.38,2.97,0.51
199203,-1.5,-7.02,-2.88,-1.86,-3.69,0.67,-4.44,-1.76,-1.33,-3.94,-3.98,1.28,-2.11,-0.53,-1.48,-0.82,-2.75
199204,-0.26,-3.92,9.51,-3.18,0.26,6.13,0.12,-0.02,3.72,1.44,0.55,10.26,2.82,2.68,-3.93,0.9,1.71
199205,1.79,8.45,3.24,-1.88,-0.2,-0.95,0.89,3.26,0.91,-1.21,-0.45,-1.79,-1.31,2.54,-0.7,2.53,-0.69
199206,-1.91,7.4,-3.32,-5.44,-4.45,-4.67,-5.57,-5.03,1.96,-6.51,-2.23,3.91,-4.01,0.54,-1.37,1.25,-2.1
199207,5.11,-0.38,5.42,6.72,5.1,4.18,6.14,6.38,-0.19,5.09,1.7,-0.77,1.96,6.69,3.27,3.67,3.93
199208,1.55,-4.23,2.49,-1.23,-2.19,-4.5,-3.18,-0.16,-9.14,-0.19,-4.56,-10.69,-4.76,-0.49,-0.36,-3.22,-2.16
199209,1.13,0.64,0.18,4.32,3.35,0.22,-3.42,2.55,-0.43,-0.05,3.15,-0.73,1.62,0.82,4.42,3.37,1.63
199210,-1.1,-4.14,-3.54,0.51,-1.61,0.51,2.85,2.2,1.56,1,-1.07,-0.21,4.53,-0.42,4.45,2.82,2.43
199211,2.87,-6.47,-2.46,8.79,6.2,1.98,3.37,3.35,6.99,3.99,6.06,8.46,4.14,-0.24,7.4,6.51,5.8
199212,0.38,4.1,1.95,1.11,-0.49,0.93,-1.86,1.98,3.98,2.65,1.04,3.85,4.63,2.7,-0.54,4.61,2.45
199301,-1.67,-3.46,2.66,0.17,8.16,-2.17,-7,-0.54,6.52,1.99,4.13,9.77,0.34,2.45,-0.05,3.65,1.08
199302,-2.24,3.91,6.07,-3,1.2,0.35,-4.22,4.33,-0.51,-1.59,0.14,-0.02,1.3,6.21,-1.61,1,-0.33
199303,-0.56,11.93,4.02,4.2,3.3,2.08,0.31,1.43,-0.83,3.73,2.22,5.73,4.08,1.77,3.06,4.37,2.44
199304,-10.82,1.68,1.11,-5.75,-5.84,2.92,0.71,-3.08,-2.25,-0.96,-1.9,3.69,1.1,-0.15,-8.82,-3.71,-2.92
199305,2.95,5.76,1.73,1.77,3.3,1.96,2.26,2.79,4.17,1.92,6.58,1.08,2.74,-0.06,5.46,0.43,5.09
199306,-0.54,2.35,-1.01,-8.95,-0.31,-3.94,-2.38,-2.1,1.36,-2.08,0.18,4.14,0.46,3.18,-3.54,3.89,1.56
199307,-2.56,5.44,0.47,-3.75,1.81,0.86,-6.75,0.37,-2.5,-2.63,-1.77,2.75,3.43,1.95,0.42,2.4,-0.29
199308,4.31,-7.59,4.22,4.94,7.69,3.49,3.45,3.39,2.78,5.22,5.82,-0.41,4.15,3.67,4.01,3.16,4.41
199309,-2.13,-8.77,1.44,-3.83,-0.62,-2.69,-0.41,-2.24,-4.34,0.65,-1.22,0.61,-0.77,-0.63,0.24,2.34,1.01
199310,5.96,6.86,-1.86,4.91,4.18,2.39,6.47,2.85,4.29,6.61,1.02,9.63,2.29,-1.96,5.02,-3.77,2.85
199311,0.2,-1.82,-5.9,0.95,-0.56,1.32,2.26,3,0.32,-0.07,0.89,1.75,1.26,-5.51,0.97,-3.85,-3.03
199312,1.56,12.69,0.52,0.25,1.22,2.62,1.18,1.24,6.85,3.86,5.14,4.33,3.77,1.61,-3.46,2.25,1.6
199401,-0.77,1.73,4.86,-2.32,2.01,8.4,0.87,2.57,10.44,0.76,4.3,8.04,3.73,-1.22,0.34,4.18,3.73
199402,-0.92,-1.54,-2.95,1.77,-1.37,-0.93,-4.94,0.01,-3.24,-0.42,0.97,-4.63,-1.6,-4.95,2.26,-4.06,-3.29
199403,-3.9,1.8,-3.61,-0.42,-3.53,-2.95,-7.18,-4.86,-5.74,-4.78,-3.99,-6.52,-5.3,-3.93,-4.7,-3.37,-4.98
199404,1.21,-9.09,4.13,0.31,-1.73,2.45,4.74,0.43,-0.98,0.27,-2.32,0.65,-0.42,2.11,0.08,2.44,0.01
199405,-1.28,1.33,0.87,-2.97,1.92,3.73,2.93,1.22,3.53,3.12,0.46,-2.33,-0.46,-5.35,-2.8,4.31,2.22
199406,-1.28,-3.46,-2.69,-3.55,-2.32,-2.85,-2.95,-3.28,1.01,-0.54,-4.53,-3.1,-1.63,-3.13,-2.04,-2.6,-2.36
199407,3.42,1.21,3.19,1.55,2.31,3.86,1.38,2.38,6.76,-0.69,4.72,3.84,1,5.16,0.71,2.79,3.45
199408,6.58,3.86,-0.17,5.12,4.54,6.24,10.57,5.58,5.32,3.33,6.59,-1.38,3.28,0.66,4.28,3.55,4.32
199409,0.87,5.89,-2.03,-3.51,-1.38,-0.77,0.67,-3.39,0.44,-2.48,-1.65,-5.29,-6.33,-2.78,-2.55,-4.75,-0.6
199410,2.58,-8.48,7.35,1.63,-0.63,0.02,2.4,1.85,-3.78,1.6,4.52,-1.36,2.26,1.56,1.08,0.35,1.1
199411,-0.92,-9.69,-5.1,-3.54,-4.73,-7.7,0.92,-4.08,-8.58,-3.83,-3.65,-4.8,-3.86,0.26,-3.25,-5.32,-4.1
199412,1.58,2.8,-0.69,1.7,1.1,3.55,0.28,0.73,4.47,1.16,3.78,4.41,2.23,0.35,-4.36,1.39,1.95
199501,2.51,-5.85,0.24,-2.95,1.3,-2.53,5.85,1.35,-5.91,2.45,-0.22,-5.83,1.91,6.23,1.58,5.64,2.21
199502,2.75,4.13,4.74,2.47,5.03,6.01,1.78,2.23,3.42,4.46,6.82,4.56,6.95,0.82,2.83,4.93,3.63
199503,3.02,10.16,5.12,0.34,3.76,5.86,1.84,0.77,2.15,4.16,4.12,1.29,4.67,-1.75,4.22,1.21,2.32
199504,3.63,-1.63,2.39,-0.59,2.1,3.19,3.52,-0.79,0.02,1.13,7.93,1.75,3.52,2.38,-2.18,1.65,1.81
199505,5.08,-1.03,4.16,1.6,2.71,2.99,2.97,1.36,1.67,4.64,3.54,5.03,2.19,6.01,3.6,6.2,1.04
199506,1.69,0.92,-3.1,2.77,0.8,1.4,3,2.76,6.51,0.75,6.19,1.21,4.28,-0.46,5.38,1.73,5.32
199507,0.68,7.5,2.21,6.29,2.77,2.37,2.59,4.77,6.47,3.31,7.52,2.21,7.69,-0.38,3.05,4.19,5.56
199508,0.14,-0.68,-1.66,0.27,0.99,-0.15,0.24,-1.71,-0.07,-1.09,-0.2,0.78,-0.27,0.98,-3.19,5.19,1.93
199509,8.09,1.29,1.26,2.66,0.07,2.68,7.83,2.18,-4.11,-3.94,1.26,-0.39,3.79,6.24,3.76,5.76,3.31
199510,1.55,-8.85,-0.15,-4.87,-1.96,-5.8,3.11,-2.27,-5.89,-6.8,1.03,-5.27,-2.17,1.48,-6.77,-1.92,-1.27
199511,4.31,9.26,4.89,2.4,5.55,6.4,5.37,7.8,8.03,7.1,0.17,5.44,7.5,1.56,5.88,6.75,3.49
199512,1.77,2.76,5.71,3.47,-1.18,2.22,4.02,2.63,-0.39,-0.47,-1.97,4.38,1.08,5.06,-2.04,1.25,1.77
199601,3.17,13.06,-0.45,-2.77,3.18,5.77,5.41,0.91,3.81,0.89,3.45,3.09,0.81,1.91,0.19,3.93,1.94
199602,3.18,3.09,1.01,1.5,1.03,3.03,-1.15,-1.54,-0.65,5.94,4.76,1.83,3.32,-2.58,5.81,2.13,0.73
199603,-1.58,-0.38,4.88,9.18,0.83,5.82,0.21,3.72,5.43,1.6,-2.29,6.6,3.44,-0.47,6.42,0.96,0.3
199604,-0.52,1.32,3.62,4.95,4.53,-1.25,-0.78,1.63,1.92,5.11,6.65,3.27,1.88,-2.59,4.46,-1.08,4.64
199605,7.15,3.93,0.44,7.51,3.25,-0.47,4.55,4.23,-0.05,1.36,3.48,1.63,0.96,1.35,4.24,1.41,2.37
199606,3.95,-9.94,0.95,0.34,-0.35,-2.33,1.87,1.3,-5.59,-0.24,-4.51,-5.12,-0.45,5.21,-1.57,0.65,-1.5
199607,-4.35,-3.37,-4.57,-4.13,-6.19,-3.19,-3.56,-4.7,-5.71,-8.16,-6.06,-4.1,-4.93,-5.82,-7.44,-2.58,-8.47
199608,1.07,2.88,2.92,5.18,2.58,4.04,0.33,3.47,5.78,6.23,4.7,3.12,3.19,2.89,6.6,4.18,2.35
199609,4.5,-2.78,3.93,5.42,4.78,5.73,6.79,6.58,1.96,2.73,10.52,1.32,3.49,0.67,2.49,5.78,5.08
199610,1.65,-1.6,6.09,-0.41,-1.94,1.01,1.91,1.14,-0.8,-1.51,0.93,0.09,1.75,3.61,-2.35,5.47,-1.7
199611,4.16,2.91,5.4,-0.16,5.67,4.71,8.45,2.22,7.99,5.99,12.52,6.09,6.31,2.61,3.14,8.45,5.58
199612,-0.8,-1.94,0.66,2.43,-1.93,-1.8,-1.74,-0.64,-1.55,1.35,-2.49,-3.49,1.18,0.14,-4.09,-1.65,-0.26
199701,6.86,-2.47,4.06,6.24,4.44,4.22,9.81,3.61,4.92,3.12,8.54,2.86,2.14,0.9,0.49,6.59,4.22
199702,2.78,14.29,-5.66,2.93,2.22,0.9,2.88,0.1,0.52,-2.5,-5.43,0.28,-1.49,-0.57,3.86,3.93,-1.23
199703,-3.95,-9.95,4.9,-5.03,-6.15,-2.09,-7.18,-4.3,-4.58,-3.77,-4.66,-5,-0.86,-2.76,0.13,-6.63,-5.97
199704,7.24,-4.14,0.04,-3.9,5.64,3.12,7.53,6.73,2.23,5.23,7.27,2.59,4.04,-1.39,2.08,6.23,3.79
199705,4.66,8.27,7.4,5.55,6.63,4.54,7.03,6.43,8.15,10.89,9.67,5.96,6.47,3.77,5.39,5.88,8.73
199706,3.1,2.56,1.23,3.32,4.4,6.72,8.24,4.79,4.39,4.64,1.88,3.46,3.6,3.06,5.83,6.16,3.91
199707,3.72,0.87,7.1,3.2,0.29,6.79,2.9,8.03,10.2,3.09,16.41,8.21,7.73,2.81,8.84,10.62,5.46
199708,-8.19,0.23,0.3,-4.6,-2.4,-4.52,-7.53,-7.03,-1.77,2.49,-1.66,1.2,-5.19,-1.16,-3.28,-5.64,-2.38
199709,7.09,5.22,6.23,5.42,4.5,0.46,5.73,5.51,1.14,1.47,4.53,5.42,6.11,4.65,4.75,8.09,5.54
199710,-3.54,-12.86,-1.93,-7.16,-3.95,-3.93,0.53,-0.65,-7.65,-4.69,-10.17,-3.2,-5.84,0.94,-2.91,-1.9,-2.24
199711,7.36,-8.67,-3.51,0.81,1.65,3.02,4.77,2.37,-3.49,1.76,2.83,-2.16,1.83,7.14,6.89,3.6,4.46
199712,3.69,-5.06,-1.32,-6.63,0.99,-0.03,4.38,4.19,1.55,0.84,-3.58,4.52,0.44,7.97,-1.25,5.89,1.32
199801,-2.92,-0.49,-5.65,0.3,2.36,-2.83,4.8,0.84,2.41,-2.24,4.38,0.39,0.65,-4.37,1.21,-2.84,2.63
199802,4.6,4.26,6.91,9.67,8.28,7.67,5.44,9.52,5.83,8.56,8.01,12.78,7.54,2.65,11.7,8.83,6.69
199803,8.12,9.77,4.64,5.09,5.3,5.54,2.52,8,3.39,4.4,-0.87,6.15,3.47,6.77,7.16,5.73,7.41
199804,-3.28,3.42,3.84,2.48,3.32,2.74,0.78,-0.27,3.59,-3.08,4.65,1.65,-1.33,-2.51,-0.23,1.87,0.49
199805,1.85,-10.21,-4.06,-1.26,-3.49,1.09,-1.46,2.33,-7.26,-3.57,-6.02,9.75,-3.71,-0.88,2.84,-2.3,-4.18
199806,3.33,-3.74,-1.22,0.06,-0.15,-3.46,7.22,1.59,-1.83,-7.08,2.78,3.04,-0.89,2.84,6.21,3.51,5.41
199807,-6.01,-1.99,-6.93,-9.93,-0.31,-9.21,-0.16,-4.15,-6.4,-6.95,0.88,-0.46,-5.78,-5.34,-2.7,-0.99,-1.37
199808,-14.56,-21.62,-10.44,-20.51,-14.03,-11.18,-9.84,-16.35,-18.39,-19.32,-14.7,-19.84,-17.52,2.25,-13.62,-22.1,-16.53
199809,0.1,22.45,13.64,0.72,-3.04,0.59,10.37,-0.43,9.01,-2.68,10.63,2.05,4.37,7.98,-0.04,2.06,8.97
199810,12.24,1.11,1.2,5.72,9.85,1.25,6.5,10.3,8.09,11.39,10.12,12.37,10.71,-1.76,12.41,10.05,5.41
199811,4.87,1.45,0.25,4.78,2.95,4.1,5.68,8.15,-2.08,3.21,8.38,4.92,4.83,1.35,9.68,6.37,7.9
199812,-0.83,5.86,-1.43,4.08,1.09,-4.94,3.42,11.39,-0.81,-5.11,11.89,5.02,-1.75,2.83,8.91,3.21,11.97
199901,-2.66,5.71,-5.47,3.65,-0.71,-4.82,-1.48,5.69,3.8,-0.47,11.17,7.66,-0.61,-6.26,3.75,0.52,8.07
199902,-2.58,2.28,-3.36,-0.27,-3.59,1.55,-0.04,-5.32,-5.42,-2.14,-10.65,-3.96,1.22,-3.78,0.01,0.67,-5.48
199903,-2.6,13.14,14.13,-0.08,-1.41,3.61,1.74,4.53,-2.49,3.84,5.3,-2,3.46,-1.69,4.03,3.07,4.82
199904,3.07,22.31,15.69,8.66,13.33,22.3,-5.76,-0.94,30.67,16.37,4.28,9.44,13.09,7.18,0.12,6.33,4.69
199905,1.61,-10.72,-2.76,-1.59,-2.89,-6.05,-2.01,-2.39,-7.39,-0.11,-0.43,-6.31,-3.45,6.72,-3.9,-3.56,-0.69
199906,-1.7,-8.34,0.18,2.03,4.39,3.1,4.06,-0.04,8.84,1.76,11.74,-0.63,3.09,-4.29,7.75,2.83,7.31
199907,-1.68,-9.53,2.29,-8.8,-3.28,-0.03,-5.62,-1.38,-1.15,-0.91,1.84,-7.29,-1.4,-0.61,-6.15,-5.76,-3.76
199908,-3.04,5.18,1.39,-10.67,-4.91,-5.94,3.81,-3.51,-0.43,-6.1,7.03,3.4,-4.83,0.62,-6.06,-5.24,-2.41
199909,-9.42,-2.49,-3.61,1.07,-7.96,-5.55,-7.5,-1.61,-2.54,-3.11,-1.46,-6.05,-6.5,-4.31,1.75,-5.26,1.49
199910,12.13,8.26,-2.41,0.59,-2.52,2.3,10.45,5.44,0.79,-0.6,4.08,3.91,1.75,2.17,4.57,14.02,4.74
199911,0.92,-0.05,3.5,-8.23,-1.75,-0.71,0.25,2.61,7.24,-3.82,8.18,-2.23,-4.57,-7.45,4.72,-3.45,7.53
199912,-7.03,13.12,0.7,3.49,2.24,6.83,-8.2,16.41,22.02,4.29,15.83,3.69,1.81,-2.34,2.94,-0.93,15.31
200001,-5.21,19.49,1.99,-10.64,-8.6,-8.98,3.56,-14.75,-2.77,-9.5,0.39,-0.36,-9.64,5.75,-13,-4.42,-6.78
200002,-9.32,-3.48,-4.98,-11.52,-4.14,-7.43,-10.13,-0.84,6.84,-11.61,19.24,-7.86,-6.14,-7.26,-6.11,-8.49,5.12
200003,4.94,-3.44,13.4,21.16,2.65,12.49,1.07,11.91,3.49,13.38,8.25,10.2,11.48,5.77,15.09,16.69,2.96
200004,0.19,-11.24,-1.55,4.61,1.46,-4.38,8.85,-6.59,-0.84,2.17,-3.64,10.33,4.89,7.6,-3.28,-4.25,-11.1
200005,13.46,-7.49,10.34,-4.72,-1.14,0.51,6.63,-10,-4.92,-2.42,-9.23,-14.21,-2.09,3.9,-1.7,5.06,-7.95
200006,4.05,6.03,-6.64,-7.29,-1.81,-6.43,8.45,-0.15,15.33,-6.39,10.85,-11.55,-5.97,-4.76,-2.62,-4.01,7.43
200007,1.81,-4.72,-1.39,5.76,-3.84,0.3,-6.87,-0.42,-6,4.05,-1.81,5.51,6.91,4.43,-3.48,8.9,-5.95
200008,-5.66,6.16,9.69,1.57,4.82,1.95,1.1,-0.81,24.57,8.85,14.01,4.82,1.69,11.72,-4.93,10.2,7.24
200009,5.2,-6.52,4.66,-0.16,-12.68,-4.72,5.35,3.62,-12.11,-5.94,-18.12,-4.45,2.74,9.63,1.53,2.29,-6.57
200010,7.39,-3.66,-3.64,3.08,0.91,4.46,6.9,-7.03,-12.04,3.66,-5.17,2.67,10.35,-2.24,1.66,-0.32,-4.91
200011,4.45,4.31,-4.51,3.29,-4.48,-0.79,2.87,-5.29,-15.66,-7.39,-23.33,-12.62,-0.05,3.1,1.41,-5.28,-14.64
200012,2.14,9.47,9.45,14.49,5.18,12.23,3.75,13.88,1.87,9.19,-6.47,0.75,1.24,6.58,2.38,10.11,-2.19
200101,-4.56,1.62,-3.62,4.59,10.01,-4.42,-8.9,3,5.92,1.77,13.21,13.28,0.84,-10.77,8.72,-0.49,9.74
200102,-1.59,4.84,-1.23,-10.62,0.92,-1.38,0.32,-4.44,-23.39,-0.03,-28.32,-1.03,-2.11,6.24,-5.11,-5.3,-10.69
200103,-5.61,0.5,-1.26,-1.56,-3.29,-4.73,-6.79,0.53,-8.41,-2.23,-12.6,-2.38,-4.72,1.64,-3.12,-3.04,-9.84
200104,-1.49,8.04,10.22,6.71,3.81,6.82,3.36,5.02,13.33,6.48,17.05,8.56,6.71,5.46,4.22,3.97,10.94
200105,3.62,5.26,-1,3.64,6.43,2.37,2.91,3.91,0.24,5.64,-4.89,-3.77,3.86,0.01,1.01,3.84,1.13
200106,-2.58,-5.93,-7.67,-1.8,0.27,-2.56,-4.19,-1.81,-7.02,-0.57,-1.41,4.76,-7.41,-6.22,-2.77,0.7,0.55
200107,2.41,-7.41,-2.73,1.49,-1.92,-3.85,3.21,4.2,-2.16,-1.56,-4.14,5.35,1.59,-3.66,4.88,-0.71,-5.44
200108,4.14,3.35,-4.65,-3.34,0.43,-1.1,-2.71,-3.8,-6.13,-0.83,-9.95,-13.01,-4.52,0.42,-7.76,-5.69,-8.41
200109,-1.28,-5.27,-6.3,-16.93,-16.72,-9.22,1.16,-14.78,-21.99,-16.44,-24.34,-15.17,-17.23,-6.39,-8.95,-5.92,-9.44
200110,1.03,1.26,2.56,7.35,6.27,3.17,0.59,3.62,2.42,7.05,18.48,0.11,4.25,1.41,3.72,-1.38,1.9
200111,0.58,0.18,-5.85,9.37,6.45,10.73,3.4,16.28,15.74,8.89,19.3,16.95,9.05,-1.63,10.24,7.17,9.45
200112,2.33,4.77,6.16,7.69,3.93,-0.73,-2.98,7.9,-2.61,6.77,-1.96,-2.24,2.83,3.85,4.23,2.88,2.34
200201,0.76,-0.13,-2.92,5.23,2.1,-1.11,-0.37,-0.56,-0.21,0.08,4.37,2.42,6.62,-4.07,3.57,-1.33,-5.76
200202,3.79,3.13,5.22,-0.19,4.79,4.29,1.14,1.51,-0.01,7.42,-13.27,2.31,4.56,-0.25,0.51,-1.12,-4.25
200203,3.56,9.27,7.77,4.59,5.43,5.16,-0.08,-1.06,6.02,9.46,9.86,7.61,3.17,10.04,2.44,6.5,2.85
200204,3.15,-0.31,-4.38,2.24,2.42,-5.38,-6.54,-0.44,-7.04,3.71,-7.2,1.26,-3.05,-0.56,-1.67,-1.34,-10.67
200205,1.16,6.64,-0.63,-1.45,-0.73,1.24,-1.21,-3.72,0.28,-2.77,-3.28,1.57,0.04,-6.47,-0.38,-0.21,-1.33
200206,-2.29,-7.87,-0.39,-1.95,-5.28,-1.47,-9.69,-5.53,-5.28,-2.51,-16.09,-8.11,0.55,-5.36,-4.22,-4.7,-9.1
200207,-8.38,-14.78,-11.77,-11.35,-10.15,-9.52,-1.75,-13.22,-20.34,-13.66,-9.37,-12.14,-6.43,-12.3,-11.15,-7.35,-7.65
200208,1.15,6.83,0.48,-2.14,3.69,1.79,2.58,2.64,-4.95,3.13,-3.43,-0.36,-4.43,3.38,0.66,2.02,0.26
200209,-5.08,-7.92,-8.11,-5.75,-11.21,-10.54,-7.69,-12.09,-18.49,-7.97,-16.52,-10.15,-5.86,-10.86,-9.4,-10.85,-10.53
200210,5.19,-5.82,3.26,8.41,3.68,5.52,6.92,5.03,6.66,2.61,14.46,-4.61,0.27,-0.68,5.6,7.58,12.1
200211,-1.61,5.72,3.09,5.34,9.59,9.71,1.96,-0.73,18.28,5.66,19.32,11.01,4.07,1.62,4.33,3.52,8.84
200212,-0.58,9.62,0.67,-4.73,-4.74,-4.58,-3.04,-4.79,-10.4,-2.9,-14.63,-8.45,-0.87,3.85,-7.72,-4.49,-7.68
200301,-5.72,-4.09,-2.29,-3.83,-4.88,-5.97,-1.27,-6.87,-5.06,-6.81,-2.4,-3.65,-5.23,-3.17,-4.22,-1.34,-2.51
200302,-3.88,-3.37,1.87,-2.5,-1.13,-4.09,-2.65,5.09,2.28,-1.16,4,-5.3,-5.78,-3.92,-2.59,-3.05,-2.18
200303,-0.23,-4.13,1.21,5.65,0.64,3.94,2.99,2.6,-3.26,-0.63,-2.7,-2.01,0.62,4.35,5.92,0.01,0.85
200304,4.33,5.87,-0.59,7.62,6.88,9.97,3.85,9.93,10.36,8.1,11.47,16.94,9.66,7.44,8.95,11.24,8.79
200305,6.93,14.75,8.77,4.22,4.21,0.97,4.06,10.25,13.01,2.43,12.07,2.34,5.43,10.11,1.98,5.69,5.74
200306,0.65,4.36,-1.23,-0.86,-1.55,-1.52,5,0.67,2.21,0.75,-0.02,1.16,2.53,0.66,3.57,0.58,1.45
200307,-1.42,6.49,-2.6,4.07,2.88,7.84,-3.28,-0.18,6.9,6.51,9.17,7.17,2.67,-5.25,4.39,4.52,2.06
200308,-0.02,8.07,6.27,5.66,4.62,1.88,-2.45,6.05,4.65,4.26,7.95,7.92,3.27,1.91,7.35,-0.75,2.83
200309,0.7,0.32,-2.31,-1.07,-5.51,-6.12,2.16,-1.12,-3.31,-2.96,-4.06,-4.23,-3.39,3.9,-5.67,0.66,-1.35
200310,4.22,13.74,1.45,10.54,8.02,6.58,1.46,12.79,19.24,11.39,13.14,7.01,9.94,1.58,8.89,7.08,3.98
200311,3,9.9,0.6,3.01,0.54,2.96,1.86,1.94,3.54,4.75,3.65,2.79,-0.51,0.94,-0.07,0.7,1.06
200312,3.36,7.79,13.45,0.94,2.17,9.67,5.51,0.36,10.86,7.08,0.51,11.74,5.17,5.81,-3,4.26,5.78
200401,-0.18,-8.98,0.55,-1.08,3.66,-1.44,1.7,-1.75,-0.16,-1.36,2.77,-2.14,-1.87,1.92,0.22,3.31,3.49
200402,4.82,4.82,4.67,6.26,2.38,2.85,2.18,5.18,6.45,4.12,-2.88,0.22,-0.42,2.06,7.69,2.79,-1.02
200403,0.58,3.55,-0.24,2.71,-2.86,-1.79,-3.55,2.88,-4.46,3.9,-1.77,-1.54,-2.11,1.17,-0.38,-0.65,-1.76
200404,1.97,-14.29,2.49,-2.28,-3.99,-0.65,4.13,-4.79,-8.77,-2.52,-7.18,3.96,1.32,-3.51,-2.88,-4.52,-0.54
200405,-0.76,6.34,0.35,-0.47,1.01,0.66,-1.14,2.27,5.78,0.53,5.69,-1.65,1.8,1.28,0.12,1.83,0.91
200406,1.49,5.42,5.39,4.45,3.05,5.62,-0.48,0.03,9.4,5.46,2.19,4.28,7.15,2.01,-0.35,0.59,2.86
200407,-6.57,1.31,3.35,-4.92,-6.46,-3.07,-6.24,-4.28,-0.2,-4.2,-9.29,-5.08,-2.26,1.05,-2.28,-2.31,-4.41
200408,0.4,4.21,-1.21,0.49,1.3,3.03,2.78,5.35,-0.27,-0.5,-5.87,-2.78,-0.29,3.67,-1.92,3.11,-0.77
200409,-2.96,7.35,8.89,2.85,4.24,4.5,-4.06,5.96,7.8,4.4,2.46,0.99,2.39,1.42,2.27,0.21,3.06
200410,3.12,-2.31,0.67,4.8,-0.86,0.37,-2.2,2.24,-3.55,5.32,4.28,-2.85,2.73,4.23,3,0.57,2.17
200411,2.37,8.51,6.32,4.29,8.59,8.88,1.76,4.25,12.82,9.84,5.88,6.52,6.62,4.92,3.11,4.7,4.92
200412,5.04,-2.75,-2.06,5.64,3.98,2.79,5.83,5.25,-1.73,1.67,3.35,5.02,1.99,2.41,3,4.24,4.06
200501,-0.55,-1.27,2.98,-2.69,-4.07,-1.36,-3.85,1.21,-0.4,-2.82,-4.74,-7.06,-4.86,1.76,-0.47,-2.13,-4.1
200502,-0.27,11.99,19.14,1.89,0.03,8.64,3.53,1.97,9.7,0.97,2.93,1.33,3.32,2.32,0.45,-0.23,-0.72
200503,-0.96,-5.92,-3.26,-1.74,-3.02,-2.05,0.78,-3.77,-7.45,-3.96,-2.62,-8.2,0.09,0.63,1.21,-3.22,-1.18
200504,0.38,-8.69,-5.79,-7.34,-9.16,-7.41,3.33,-4.65,-9.76,-0.98,-4.88,-10.63,-3.62,2.1,-5.59,-0.93,-2.56
200505,2.3,4.15,2.04,6.59,4.98,0.23,1.21,7.9,0.22,3.27,8.75,9.2,5.05,1.7,6.17,3.36,3.18
200506,-2.51,5.17,5.83,5.53,1.19,-0.73,-1.09,2.29,-2.95,0.57,-0.75,2.54,-1.91,5.57,2.72,2.46,-1.15
200507,1.58,10.07,5.8,2.99,1.07,4.77,1.62,10.27,13.16,5.84,6.57,7.56,5.04,2.99,4.94,1.74,4.81
200508,-0.9,4.92,5.67,-3.43,-2.42,-6.29,0.22,-3.24,-0.77,-1.67,-1.34,-4.47,-2.01,1.16,-6.48,-1.44,-0.6
200509,0.34,12.17,7,-2.38,-3.83,-1.65,-0.33,0.39,3.06,-3.35,0.46,-5.83,2.1,4.39,-1.6,1.16,-0.4
200510,-1.49,-7.22,-10,-2.64,-3.29,2.46,-2.87,-4.09,-4.35,-3.17,-4.33,-4.59,-0.2,-6.85,2.31,2.52,-1.19
200511,0.76,5.3,1.39,5.71,6.69,3.42,0.17,5.39,12.82,6.46,6.99,1.02,6.11,-0.19,3.76,4.49,4.83
200512,-1.29,5.6,0.7,0.3,0.59,0.91,3.74,-1.3,3.68,-1.07,-0.55,-1.38,1.86,1.23,-0.86,0.28,-1.3
200601,0.62,17.57,12.64,0.44,4.5,3,1.99,5.68,14.94,5.54,5.12,4.77,3.61,3.05,1.52,1.28,2.11
200602,1.57,-8.34,-8.23,1.46,2.4,0.07,1.33,-0.43,-2.95,3.35,0.82,-1.79,2.82,0.23,0.83,1.59,-0.05
200603,1.76,7.13,4.18,1.61,4.41,1.11,-0.53,1.1,12.16,3.08,2.65,1.75,4.32,-3.64,2.67,0.63,2.6
200604,1.2,11.54,4.21,-0.61,-2.46,2.54,-0.5,-1.75,7.68,-1.61,1.39,-1.27,2.11,1.85,-1.01,2.78,-0.39
200605,3.59,-8.18,-3.4,-3.28,-3.76,-2.19,-1.93,-6.55,-4.59,-4.98,-6.13,1.6,-1.67,1.52,-1.44,-3.6,-3.25
200606,-0.99,-1.27,2.87,0.27,-1.29,-1.07,1.16,-3.99,2.93,-1.59,-1.89,1.21,2.13,2.41,1.46,-0.4,-0.28
200607,2.71,-6.38,5.28,-2.88,-2.72,-4.49,4.74,-6.3,-4.16,-3.38,-5.24,-1.79,-7.46,4.87,-4.73,1.32,-1.54
200608,2.85,-2.15,-3.41,3.73,3.36,3.74,3.55,0.11,-2.47,2.56,6.85,2.72,-0.45,2.35,2.82,1.49,3.24
200609,0.59,-9.46,-3.25,8.45,4.58,2.16,0.83,1.02,0.01,2.36,2.57,4.94,3.8,-2.15,6.64,3.66,3.26
200610,0.4,10.62,4.83,7.43,7.31,6.09,1.81,4.8,11.01,7.34,2.91,4.77,4.58,5.36,3.66,2.1,4.71
200611,0.58,7.13,8.63,4.44,1.89,3.24,0.22,4.4,8.73,3.04,4.46,1.63,3.28,3.03,-2.49,1.03,1.66
200612,1.97,-5.74,-1.85,0.02,-0.22,1.13,0.65,1.28,-2.71,-0.17,-1.13,0.22,-1.12,0.7,1.32,3.81,1.91
200701,0.96,5.53,-1.38,3.18,1.71,3.43,3.12,3.26,9.71,2.7,1.81,4.35,3.88,0.38,3.26,0.5,2.45
200702,-2.11,5.31,-2.27,2.04,1.14,2.36,-2.8,-2.58,2.72,-0.98,-0.67,0.22,-0.98,4.25,-0.19,-2.5,-2.52
200703,2.71,2.48,6.1,0.41,0.07,1.94,0.75,-4.02,6.11,2.16,0.71,-0.06,0.11,4.34,1.28,-0.38,0.98
200704,4.25,7.85,5.15,2.15,6.91,1.85,5.34,2.34,3.38,4.82,5.97,5.55,3.95,3.92,2.55,3.67,3.61
200705,2.22,7.52,7.03,5.2,1.76,4.89,1.41,7.04,10.59,6.07,4.76,2.42,5.14,1.2,2.01,2.94,3.74
200706,-0.58,-1.75,1.31,-0.22,-3.01,2.25,-3.61,-3.66,-3.46,0.35,1.96,3.62,-1.88,-4.78,-2.18,-3.54,-0.98
200707,-2.88,0.02,-0.72,-4.52,-6.78,-0.96,-4,-5.44,-2.67,-1.09,0.24,-6.56,0.92,-3.82,-5.2,-7.53,-2.6
200708,3.1,-2.93,0.32,-2.94,-2.09,2.86,3.12,0.84,-2.64,2.16,3.3,-1.43,-1.56,1.93,0.83,1.49,0.52
200709,5.89,12.33,7.71,1.61,-1.84,5.53,2.87,-6.51,8.56,0.96,3.82,2.96,3.57,3.57,0.59,1.94,4.1
200710,2.61,12.2,2.38,-0.33,0.08,3.93,2.02,0.92,2.52,2.24,2.62,2.23,0.77,6.69,1.17,-1.3,3.11
200711,1.02,-6.82,-4.23,-7.45,-6.96,-4.69,2.23,-9.23,-5.93,-3.93,-6.06,-10.7,-3.65,-0.69,-2.26,-6.15,-6.25
200712,0.27,2.94,7.48,-6.92,-3.86,4.52,-3.61,-2.08,1.12,-3.22,1.14,-1.41,-1.75,0.89,-2.87,-4.01,-0.48
200801,-7.33,-4.25,-9.54,-0.17,-4.23,-5.77,-5.1,4.31,-10.97,-6.95,-13.52,-5.16,-1.4,-6.92,-1.04,-1.23,-7.2
200802,1.96,9.05,7.09,-3.97,-6.04,4.98,-0.9,-8.07,6.73,-1.55,-0.35,-6.4,-3.33,-3.01,-4.63,-10.73,-4.25
200803,2.23,-6.99,-2.65,3.31,0.06,-1.39,-0.73,0.5,-0.46,2.91,0.84,-2.55,-0.11,0.88,2.68,-3.78,0.41
200804,0.48,11.82,10.41,2.86,-0.44,9.77,-2.81,5.4,7.37,7.87,6.95,11.6,7.02,6.33,5.99,5.67,2.8
200805,1.79,11.4,3.74,3.14,1.81,3.26,2.8,1.44,8.51,4.8,6.08,-0.43,2.15,3.57,0.56,-4.12,2.89
200806,-6.75,8.27,2.21,-12.72,-11.07,-4.02,-4.72,-11.61,-7.28,-10.47,-9.31,-18.19,-12.59,-0.58,-7.41,-17.38,-9.29
200807,2.89,-17.26,-15.36,-4.27,9.02,-1.42,4.98,-0.39,-11.47,-3.81,-1.99,-1.91,3.6,-7.23,0.87,6.66,1.08
200808,0.51,-6.14,0.09,9.33,4.27,-3.4,3.28,8.24,-6.83,2.84,2.4,1.2,3.13,-0.5,4.73,-0.09,2.23
200809,-1.06,-30.21,-11.36,-0.88,-5.22,-19.53,-4.37,-9.57,-31.03,-13.71,-16.89,-9.58,-11.09,-12.11,-4.98,-4.21,-9.71
200810,-12.97,-32.74,-16.86,-22.14,-25.77,-21.92,-9.4,-18.62,-32.91,-23.03,-21.28,-28.43,-14.27,-11.07,-14.59,-20.04,-17.78
200811,-3.49,-8.22,0.36,-14.62,-11.25,-17.77,-4.76,-4.57,-12.14,-4.34,-10.53,-7.79,-10.14,1.08,-7.46,-13.88,-8.99
200812,-0.13,9.07,-3.13,3.64,1.37,-2.52,3.72,3.87,15.97,7.51,1.9,2.51,2.34,-2.08,4.67,1.65,2.92
200901,-3.3,-6.02,-3.19,-12.72,-16.18,-5.64,-4.52,-12.4,-16.85,-9.78,-4.93,-9.9,-10.62,-0.81,-8.43,-20.93,-6.23
200902,-6.78,-0.58,-12.06,-10.09,-17.92,-8.16,-9.15,-10.89,-19.29,-8.45,-8.45,-3.43,-15.24,-12.65,-1.82,-14.56,-8.46
200903,5.31,11.77,3.79,16.33,9.89,16.45,6.23,14.8,12.28,5.01,12.7,11.32,7.55,2.79,10.32,14.24,8.22
200904,2.64,7.36,4.96,23.27,29.24,20.1,-0.26,17.04,26.25,18.82,16.17,31.74,15.48,2.13,8.2,17.08,11.31
200905,6.73,21.08,10.26,2.44,2.16,8.02,7.56,-4.97,9.56,-1.31,2.07,-5.94,5.33,4.66,-0.34,9.66,3.42
200906,0.69,-8.96,-4.68,-3.78,1.39,-7.21,1.72,-0.02,3.41,2.63,3.17,4.77,-1.53,4.66,-1,-1.7,2.5
200907,6.13,12.97,4.99,13.55,17.06,16.67,6.65,13.94,3.19,5.37,12.56,15.52,7.22,4.35,5.81,8.36,6.66
200908,0.31,3.09,0.67,3,7.29,1.66,1.38,4.08,3.51,3.62,2.35,-0.33,5.94,0.21,4.13,10.21,2.45
200909,3.82,11.45,4.87,11.85,6.48,7.07,3.68,-1.4,6.61,6.46,6.19,-0.52,4.88,2.33,2.54,1.27,5.31
200910,-0.42,0.7,2.34,-2.88,-2.65,-4.02,-0.49,-7.11,-12.18,-2.66,-3.16,-1.5,-5.16,-2.74,1.5,-4.42,-3.23
200911,4.51,13.77,2.93,2.02,4.31,9.83,7.7,4.86,7.28,1.58,4.89,10.57,10.25,4.51,4.69,4.27,6.18
200912,1.48,-1.36,-0.8,5.03,4.82,2.69,0.96,5.74,14.99,5.15,6.17,5.4,3.73,5.86,0.58,0.94,4.61
201001,-2.06,-12.88,-4.66,-3.48,-3.51,-4.43,-0.44,-2.76,-11.92,-2.98,-7.3,-0.15,-2.13,-4.5,-1.3,-1.18,-4.81
201002,1.86,12.37,2.12,6.71,9.85,5.79,1.39,5.81,4.2,7.32,7.23,6.52,5.91,-0.43,3.7,2.71,2.49
201003,5.06,7.24,3.14,11.15,5.59,7.51,3.27,5.36,12.04,5.3,7.74,8.88,9.03,3.1,6.47,8.14,6.5
201004,-1.28,-0.84,3.83,4.75,6.85,2.49,-1.96,10.92,-2.63,3.44,4.78,6.76,3.19,2.86,1.36,0.95,1.75
201005,-4.81,-7.96,-10.6,-5.97,-5.5,-10.56,-6.27,-8,-7.01,-8.99,-8.05,-6.88,-7.64,-6.31,-5.71,-9.12,-7.91
201006,-1.9,-7.07,-6.28,-9.67,-8.81,-7.96,-0.1,-13.95,-13.18,-6.37,-5.94,-7.68,-7.29,-0.72,-9.17,-7.31,-5.77
201007,6.68,9.56,7.44,8.23,4.1,14.78,3.47,4.62,8.28,10.4,7.57,16.36,9.8,6.79,4.93,6.62,7.92
201008,-0.68,-0.3,-3.3,-7.28,-3.82,-0.08,-0.43,-4.49,-8.74,-3.23,-9.07,-8.6,-6.34,0.41,-3.36,-8.38,-4.67
201009,3.16,11.74,9.45,17.21,11.65,9.99,7.07,10.56,12.1,10.84,13.95,12.54,9.93,3.64,12.37,7.46,10.81
201010,4.03,8.12,4.35,3.32,1.61,8.79,2.98,-1.13,4.64,7.57,5.01,9.45,5.48,1.86,2.43,1.97,5.03
201011,-0.15,5.7,5.27,8.53,5.31,0.68,-4.03,2.46,2.98,3.3,2.14,7.6,0.84,-1.31,5.04,-0.34,-1.2
201012,4.56,14.1,9.21,1.28,6.74,7.24,4.44,13.44,13.32,6.09,6.13,7.32,3.87,3.22,1.65,10.51,7.22
